Country,Sex,Age,Deaths,baseline,excess,excess_lp,excess_up,last_week,last_date
Austria,b,0,27,22.810179248667026,4.189820751332972,0,22,13,2020-03-30
Austria,b,5,7,6.395537092763931,0.6044629072360692,0,5,11,2020-03-16
Austria,b,10,14,13.653938168861568,0.3460618311384316,0,10,11,2020-03-16
Austria,b,15,33,31.289323635102704,1.710676364897295,0,21,13,2020-03-30
Austria,b,20,44,41.51699729766655,2.4830027023334473,0,26,13,2020-03-30
Austria,b,25,53,49.563872211486114,3.4361277885138843,0,29,13,2020-03-30
Austria,b,30,73,67.31556529933896,5.684434700661042,0,39,13,2020-03-30
Austria,b,35,96,86.70797856552026,9.292021434479732,0,53,14,2020-04-06
Austria,b,40,129,114.96604087464014,14.033959125359853,0,68,14,2020-04-06
Austria,b,45,182,158.55933675069872,23.44066324930128,0,88,14,2020-04-06
Austria,b,50,239,205.61368457045003,33.38631542954997,0,107,14,2020-04-06
Austria,b,55,278,234.86729345470002,43.132706545299975,0,120,14,2020-04-06
Austria,b,60,313,263.1664735703947,49.83352642960529,0,131,14,2020-04-06
Austria,b,65,416,346.7534301824733,69.24656981752669,0,166,14,2020-04-06
Austria,b,70,579,487.059638658644,91.94036134135597,1,207,14,2020-04-06
Austria,b,75,1066,986.5964454232653,79.40355457673473,0,244,14,2020-04-06
Austria,b,80,1306,1220.0069125826822,85.99308741731795,0,272,14,2020-04-06
Austria,b,85,2174,2043.07643858919,130.92356141081,0,371.04999999999995,14,2020-04-06
Austria,b,90,2731,2594.6010203248475,136.39897967515265,0,407.025,14,2020-04-06
Austria,b,95,1669,1505.9596566596892,163.04034334031087,1,365,14,2020-04-06
Austria,b,100,587,546.1569579589326,40.84304204106738,0,158.0499999999999,14,2020-04-06
Austria,b,Aggr,12016,11026.636721120014,989.3632788799855,2,2909.125,14,2020-04-06
Austria,f,0,6,5.513642779057523,0.48635722094247713,0,6,14,2020-04-06
Austria,f,5,10,9.140204922643028,0.8597950773569718,0,10,14,2020-04-06
Austria,f,10,3,2.0814055584416384,0.9185944415583616,0,3,14,2020-04-06
Austria,f,15,6,4.768574446947303,1.2314255530526963,0,6,14,2020-04-06
Austria,f,20,8,6.456728406531514,1.5432715934684857,0,8,14,2020-04-06
Austria,f,25,10,8.06408539074523,1.9359146092547688,0,8,14,2020-04-06
Austria,f,30,31,25.232117193992636,5.767882806007364,0,25,14,2020-04-06
Austria,f,35,32,28.227783955197932,3.772216044802069,0,26,14,2020-04-06
Austria,f,40,46,38.59779118114825,7.402208818851751,0,35.024999999999956,14,2020-04-06
Austria,f,45,64,53.92893098726671,10.071069012733291,0,43,14,2020-04-06
Austria,f,50,84,69.15245841567379,14.847541584326205,0,55.024999999999956,14,2020-04-06
Austria,f,55,99,82.14510501777426,16.854894982225744,0,58,14,2020-04-06
Austria,f,60,114,94.93451703435382,19.065482965646183,0,68.02499999999995,14,2020-04-06
Austria,f,65,158,130.46782145818534,27.53217854181467,0,84.02499999999995,14,2020-04-06
Austria,f,70,227,190.54064854460785,36.45935145539217,0,108,14,2020-04-06
Austria,f,75,436,364.45504980173985,71.54495019826015,0,173,14,2020-04-06
Austria,f,80,583,498.064186101107,84.93581389889302,0,200,14,2020-04-06
Austria,f,85,932,875.0106279964247,56.98937200357537,0,202,14,2020-04-06
Austria,f,90,1386,1314.3799127039056,71.62008729609454,0,254.02499999999998,14,2020-04-06
Austria,f,95,1089,980.3595956482473,108.64040435175272,0,272.0499999999999,14,2020-04-06
Austria,f,100,430,399.3230164046489,30.676983595351068,0,134,14,2020-04-06
Austria,f,Aggr,5754,5180.84420394864,573.1557960513601,0,1778.1749999999997,14,2020-04-06
Austria,m,5,3,2.2364715501283534,0.7635284498716466,0,3,13,2020-03-30
Austria,m,10,9,7.65588750272067,1.3441124972793297,0,9,13,2020-03-30
Austria,m,15,12,10.072401334101842,1.9275986658981572,0,12,13,2020-03-30
Austria,m,20,12,10.283883950489654,1.7161160495103456,0,10,13,2020-03-30
Austria,m,25,29,25.495464637230164,3.5045353627698344,0,21,13,2020-03-30
Austria,m,30,34,29.735884705699664,4.264115294300336,0,22,13,2020-03-30
Austria,m,35,50,43.56389357920074,6.436106420799261,0,33,13,2020-03-30
Austria,m,40,60,51.70591689198315,8.29408310801685,0,37,13,2020-03-30
Austria,m,45,105,93.469322798586,11.530677201413997,0,57,14,2020-04-06
Austria,m,50,147,126.62129278284101,20.378707217158993,0,74,14,2020-04-06
Austria,m,55,200,172.159717912346,27.84028208765401,0,93,14,2020-04-06
Austria,m,60,225,193.65980241114264,31.340197588857357,0,103,14,2020-04-06
Austria,m,65,298,251.5654734849315,46.43452651506853,0,128.02499999999995,14,2020-04-06
Austria,m,70,410,345.632201139578,64.36779886042197,0,159,14,2020-04-06
Austria,m,75,726,614.7606238752494,111.23937612475062,3,240,14,2020-04-06
Austria,m,80,796,683.9147714735732,112.08522852642679,1.9750000000001364,248,14,2020-04-06
Austria,m,85,1124,981.4125713895165,142.58742861048347,8.975000000000136,307.025,14,2020-04-06
Austria,m,90,980,872.9423777272651,107.05762227273492,0,261.04999999999995,14,2020-04-06
Austria,m,95,447,403.48978106501124,43.51021893498878,0,146,14,2020-04-06
Austria,m,100,115,106.40925615919267,8.590743840807331,0,58,14,2020-04-06
Austria,m,Aggr,5782,5026.786996370787,755.2130036292125,13.950000000000273,2021.1,14,2020-04-06
Belgium,b,5,7,3.6859946435631414,3.3140053564368586,0,7,13,2020-03-30
Belgium,b,10,11,7.793585617900465,3.206414382099535,0,11,16,2020-04-20
Belgium,b,15,14,8.18945662042908,5.81054337957092,0,14,15,2020-04-13
Belgium,b,20,35,17.88202131602862,17.11797868397138,2,31,12,2020-03-23
Belgium,b,25,24,19.91674833013199,4.083251669868008,0,18,15,2020-04-13
Belgium,b,30,75,42.171041748895604,32.828958251104396,5,63,16,2020-04-20
Belgium,b,35,67,54.23109668341298,12.768903316587023,0,43,16,2020-04-20
Belgium,b,40,74,58.61788211693949,15.38211788306051,0,43.024999999999956,15,2020-04-13
Belgium,b,45,160,137.40881696301696,22.591183036983043,0,75,15,2020-04-13
Belgium,b,50,409,334.82201597587647,74.17798402412352,3,178,16,2020-04-20
Belgium,b,55,704,548.6103174385546,155.38968256144545,36.975000000000136,291,16,2020-04-20
Belgium,b,60,804,644.7826069457506,159.21739305424944,62,284.025,16,2020-04-20
Belgium,b,65,1688,1209.1063794089698,478.8936205910302,286.9500000000003,686,16,2020-04-20
Belgium,b,70,2309,1760.1589546329978,548.8410453670022,335,808,16,2020-04-20
Belgium,b,75,2808,1820.7210935628977,987.2789064371023,737,1243.025,16,2020-04-20
Belgium,b,80,4442,2731.903535847845,1710.0964641521552,1363.9250000000004,2030.0749999999998,16,2020-04-20
Belgium,b,85,4356,2556.6658051745717,1799.3341948254283,1550.9500000000003,2053.025,16,2020-04-20
Belgium,b,90,3431,2136.5680872902894,1294.4319127097106,1091,1544.1,16,2020-04-20
Belgium,b,95,1788,1181.6708756609635,606.3291243390366,441.9500000000003,806.025,16,2020-04-20
Belgium,b,100,557,360.57512121632857,196.42487878367143,92,304.0499999999999,16,2020-04-20
Belgium,b,Aggr,23763,15635.481437195363,8127.5185628046365,6007.750000000002,10532.35,16,2020-04-20
Belgium,f,5,10,7.2413850351741,2.7586149648258993,0,10,16,2020-04-20
Belgium,f,10,12,8.973402125151756,3.0265978748482447,0,12,16,2020-04-20
Belgium,f,15,6,4.653155320210599,1.3468446797894005,0,6,15,2020-04-13
Belgium,f,20,13,6.67359659972635,6.32640340027365,0,13,14,2020-04-06
Belgium,f,25,10,6.9587358883379,3.0412641116620995,0,10,14,2020-04-06
Belgium,f,30,21,8.57555871694705,12.424441283052948,2,21,16,2020-04-20
Belgium,f,35,13,8.747303300765811,4.25269669923419,0,11,15,2020-04-13
Belgium,f,40,46,31.28684666349806,14.71315333650194,1,39,15,2020-04-13
Belgium,f,45,27,22.756568426047004,4.243431573952996,0,16,11,2020-03-16
Belgium,f,50,116,98.77640178607501,17.223598213924983,0,63.024999999999956,16,2020-04-20
Belgium,f,55,245,205.14034741177812,39.85965258822189,3,114,16,2020-04-20
Belgium,f,60,253,207.58715376901347,45.41284623098654,15,108,16,2020-04-20
Belgium,f,65,585,410.20143198032224,174.7985680196778,62,292,16,2020-04-20
Belgium,f,70,901,684.2695783186942,216.73042168130576,109,378.025,16,2020-04-20
Belgium,f,75,1207,795.5007487796415,411.4992512203584,276,577,16,2020-04-20
Belgium,f,80,2097,1333.059691819208,763.940308180792,551.9500000000003,988.0749999999998,16,2020-04-20
Belgium,f,85,2455,1453.1715288970686,1001.8284711029314,827,1199,16,2020-04-20
Belgium,f,90,2233,1380.8997240658614,852.1002759341385,696.9750000000001,1058.0749999999998,16,2020-04-20
Belgium,f,95,1164,735.5586883434878,428.44131165651226,301,574,16,2020-04-20
Belgium,f,100,451,300.02297967381617,150.9770203261838,65,249.02499999999995,16,2020-04-20
Belgium,f,Aggr,11865,7710.054826920825,4154.945173079174,2909.925,5738.2249999999995,16,2020-04-20
Belgium,m,10,8,7.706972306537576,0.2930276934624241,0,8,16,2020-04-20
Belgium,m,15,2,1.182762267283674,0.817237732716326,0,2,10,2020-03-09
Belgium,m,20,26,16.927835187773464,9.072164812226536,1,26,16,2020-04-20
Belgium,m,25,17,14.539598716727536,2.4604012832724633,0,14,15,2020-04-13
Belgium,m,30,47,25.564998611643777,21.435001388356223,1,42,14,2020-04-06
Belgium,m,35,46,30.97370568429429,15.026294315705709,0,36,16,2020-04-20
Belgium,m,40,34,27.36591329454223,6.634086705457767,0,23,15,2020-04-13
Belgium,m,45,105,80.71106862359969,24.288931376400306,1,65,15,2020-04-13
Belgium,m,50,239,177.61243900195552,61.38756099804448,5,131.02499999999995,16,2020-04-20
Belgium,m,55,427,314.5523141749625,112.44768582503752,26,214,16,2020-04-20
Belgium,m,60,514,396.3433448327106,117.65665516728939,29,215.02499999999995,16,2020-04-20
Belgium,m,65,1059,747.1671240982845,311.8328759017155,181,472.0499999999999,16,2020-04-20
Belgium,m,70,1409,1070.7485183196184,338.2514816803817,172,541,16,2020-04-20
Belgium,m,75,1600,1024.9748486190967,575.0251513809031,394,769.05,16,2020-04-20
Belgium,m,80,2344,1397.626714420858,946.373285579142,706.9750000000001,1188.0249999999999,16,2020-04-20
Belgium,m,85,2461,1533.0455902765616,927.9544097234384,714,1169,16,2020-04-20
Belgium,m,90,1344,867.6626446676951,476.33735533230487,346.9500000000003,648.025,16,2020-04-20
Belgium,m,95,562,328.7491566506667,233.25084334933328,128,341,16,2020-04-20
Belgium,m,100,80,47.48251905631517,32.51748094368483,2,71,16,2020-04-20
Belgium,m,Aggr,12324,8110.938068811127,4213.061931188873,2707.925,5975.2,16,2020-04-20
Denmark,b,0,4,3.5659576216832622,0.43404237831673775,0,4,9,2020-03-02
Denmark,b,5,2,1.0447191388066588,0.9552808611933412,0,2,10,2020-03-09
Denmark,b,10,4,2.483955656618809,1.5160443433811908,0,4,12,2020-03-23
Denmark,b,15,11,8.115030211358297,2.884969788641703,0,11,17,2020-04-27
Denmark,b,20,10,6.166831439199129,3.8331685608008708,0,10,14,2020-04-06
Denmark,b,25,20,10.907706658279643,9.092293341720357,0,20,16,2020-04-20
Denmark,b,30,13,9.63166174295767,3.3683382570423306,0,13,16,2020-04-20
Denmark,b,35,29,17.220309455739944,11.779690544260056,1,29,17,2020-04-27
Denmark,b,40,54,33.63571058783664,20.36428941216336,1,46,17,2020-04-27
Denmark,b,45,137,109.23627976517892,27.76372023482108,4,90,17,2020-04-27
Denmark,b,50,25,22.95802805566259,2.0419719443374085,0,12,8,2020-02-24
Denmark,b,55,269,227.94660430478183,41.05339569521816,0,117,17,2020-04-27
Denmark,b,60,296,273.72498062343607,22.27501937656396,0,95,15,2020-04-13
Denmark,b,65,378,342.0409213452649,35.95907865473512,1,112.02499999999995,15,2020-04-13
Denmark,b,70,1207,1051.6432716303302,155.3567283696698,20,350.0499999999999,17,2020-04-27
Denmark,b,75,1665,1421.1775256597107,243.8224743402894,51.95000000000027,485,17,2020-04-27
Denmark,b,80,1455,1209.3154689347125,245.68453106528747,74,451.025,17,2020-04-27
Denmark,b,85,1467,1293.616116092794,173.38388390720596,27,376.025,16,2020-04-20
Denmark,b,90,1265,1155.1528868873813,109.84711311261864,14,318.025,17,2020-04-27
Denmark,b,95,294,268.44649489956066,25.55350510043931,0,98.02499999999995,16,2020-04-20
Denmark,b,100,75,62.39474124460717,12.605258755392832,0,48,17,2020-04-27
Denmark,b,Aggr,8680,7530.425201955901,1149.574798044099,193.95000000000027,2691.1749999999997,17,2020-04-27
Denmark,f,0,4,2.831135267721379,1.1688647322786212,0,4,17,2020-04-27
Denmark,f,5,6,5.995973961607893,0.004026038392107356,0,6,13,2020-03-30
Denmark,f,15,6,3.4167006136688904,2.5832993863311096,0,6,17,2020-04-27
Denmark,f,25,11,7.015097643569245,3.984902356430755,0,11,17,2020-04-27
Denmark,f,30,2,1.4437401804172818,0.5562598195827182,0,2,12,2020-03-23
Denmark,f,35,11,5.362824594896361,5.637175405103639,0,11,16,2020-04-20
Denmark,f,40,22,13.544333990393266,8.455666009606734,0,22,17,2020-04-27
Denmark,f,45,35,27.232241633128996,7.767758366871004,0,29,17,2020-04-27
Denmark,f,50,33,27.48273014282254,5.517269857177462,0,23,14,2020-04-06
Denmark,f,55,107,72.30721169193805,34.69278830806195,1,76,17,2020-04-27
Denmark,f,60,139,111.93717293113107,27.062827068868923,0,73,15,2020-04-13
Denmark,f,65,82,70.43318988510168,11.56681011489831,0,34,11,2020-03-16
Denmark,f,70,506,411.1409773707265,94.85902262927351,1,214.02499999999995,17,2020-04-27
Denmark,f,75,482,413.03165676153844,68.96834323846153,0,169.0499999999999,17,2020-04-27
Denmark,f,80,739,642.2277714100061,96.77222858999392,4.975000000000136,249,17,2020-04-27
Denmark,f,85,690,595.0085937866188,94.99140621338123,17.950000000000273,221,16,2020-04-20
Denmark,f,90,788,715.2499644372336,72.75003556276633,0,234.02499999999995,17,2020-04-27
Denmark,f,95,143,123.74961638153073,19.25038361846928,0,57,16,2020-04-20
Denmark,f,100,46,36.3099369757559,9.690063024244093,0,33,17,2020-04-27
Denmark,f,Aggr,3852,3285.720869659807,566.2791303401932,24.92500000000041,1474.1,17,2020-04-27
Denmark,m,10,2,1.0675771112938777,0.9324228887061223,0,2,12,2020-03-23
Denmark,m,15,2,1.4071894322040726,0.5928105677959274,0,2,10,2020-03-09
Denmark,m,20,10,5.948833924806975,4.051166075193025,0,10,17,2020-04-27
Denmark,m,25,16,6.549686354734307,9.450313645265693,1,16,16,2020-04-20
Denmark,m,30,11,6.171052161447741,4.828947838552259,0,11,16,2020-04-20
Denmark,m,35,18,9.98871994130504,8.01128005869496,0,18,17,2020-04-27
Denmark,m,40,38,24.326036006685992,13.67396399331401,0,38,17,2020-04-27
Denmark,m,45,82,51.0757162795736,30.9242837204264,3,68.02499999999995,17,2020-04-27
Denmark,m,55,144,122.95043242668287,21.049567573317137,0,72,17,2020-04-27
Denmark,m,60,103,96.54071395446323,6.459286045536764,0,43,12,2020-03-23
Denmark,m,65,438,399.7057463060747,38.294253693925306,3,152,16,2020-04-20
Denmark,m,70,651,568.813002773486,82.18699722651395,3,215,17,2020-04-27
Denmark,m,75,923,795.7104248964033,127.28957510359675,11.975000000000136,310.0499999999999,17,2020-04-27
Denmark,m,80,790,635.7963931411064,154.20360685889364,32.975000000000136,302.025,17,2020-04-27
Denmark,m,85,621,533.8978617786503,87.10213822134976,11,210,16,2020-04-20
Denmark,m,90,390,340.14225995303883,49.85774004696116,4,148.02499999999995,17,2020-04-27
Denmark,m,95,84,62.121591079894316,21.878408920105684,2,55,15,2020-04-13
Denmark,m,100,14,9.023928502427125,4.976071497572874,0,14,16,2020-04-20
Denmark,m,Aggr,4337,3671.2371660242784,665.7628339757214,71.95000000000027,1686.1249999999998,17,2020-04-27
England,b,0,132,125.39638248223474,6.603617517765251,0,38,11,2020-03-16
England,b,5,42,7.787682190990186,34.21231780900981,14,42,18,2020-05-04
England,b,10,55,1.5303950839383824e-11,54.999999999984695,55,55,18,2020-05-04
England,b,15,168,1.5247288579643332e-11,167.99999999998477,168,168,18,2020-05-04
England,b,20,239,2.6751750481000216,236.32482495189998,217,239,18,2020-05-04
England,b,25,374,37.21445565346875,336.78554434653125,291,374,18,2020-05-04
England,b,30,589,221.16314605768858,367.83685394231145,263.97500000000014,463,18,2020-05-04
England,b,35,638,537.4992936201961,100.5007063798039,20,224,18,2020-05-04
England,b,45,279,260.2810655947608,18.718934405239224,0,52.02499999999998,17,2020-04-27
England,b,50,2041,1388.2878308689762,652.7121691310238,462.97500000000014,828.025,18,2020-05-04
England,b,55,5217,3120.7529557865473,2096.2470442134527,1705.9250000000004,2494,18,2020-05-04
England,b,60,7159,3893.2522976506325,3265.7477023493675,2821,3715.025,18,2020-05-04
England,b,65,9861,7309.71166551413,2551.2883344858706,2094.9500000000003,3195.075,18,2020-05-04
England,b,70,15679,10899.754086948222,4779.245913051777,3888.925,5732.174999999999,18,2020-05-04
England,b,75,16446,10623.263727332456,5822.736272667544,5163.825000000001,6659.025,18,2020-05-04
England,b,80,27108,17160.796851821335,9947.203148178667,8490.725000000002,11459.175,18,2020-05-04
England,b,85,30664,16409.47949511485,14254.52050488515,12474.875,15963.15,18,2020-05-04
England,b,90,21881,13762.177261220064,8118.822738779935,6612.975,9744.15,18,2020-05-04
England,b,95,6120,3793.1353863647428,2326.8646136352572,1863.7500000000014,2764.05,18,2020-05-04
England,b,100,1638,1283.1171408344292,354.88285916557084,201.97500000000014,509,18,2020-05-04
England,b,Aggr,146330,90835.74590010385,55494.25409989615,46810.87500000001,64717.875,18,2020-05-04
England,f,0,153,129.71289658837784,23.287103411622148,0,74,16,2020-04-20
England,f,5,20,6.278548508157218,13.721451491842782,0,20,18,2020-05-04
England,f,10,34,1.3911844046610852e-11,33.99999999998609,34,34,18,2020-05-04
England,f,15,56,1.5250345629550693e-11,55.99999999998475,56,56,18,2020-05-04
England,f,20,78,2.29633336802509,75.70366663197491,57,78,18,2020-05-04
England,f,25,121,26.382126226604026,94.61787377339597,55,121,18,2020-05-04
England,f,30,205,97.73280985416334,107.26719014583666,39.975000000000136,165,18,2020-05-04
England,f,35,314,242.70833571376977,71.29166428623024,12,162,18,2020-05-04
England,f,45,396,379.6592679610387,16.34073203896125,0,99,17,2020-04-27
England,f,50,926,658.6580080972549,267.3419919027451,155,397.025,18,2020-05-04
England,f,55,2009,1363.2954579260295,645.7045420739705,399.97500000000014,893,18,2020-05-04
England,f,60,2824,1719.3546890385333,1104.6453109614667,812.9250000000004,1387,18,2020-05-04
England,f,65,3019,2245.630465273655,773.3695347263451,555,1072,18,2020-05-04
England,f,70,6289,4576.939769917492,1712.0602300825074,1278.9750000000001,2261.05,18,2020-05-04
England,f,75,7536,5240.001371977025,2295.9986280229746,1917,2826.025,18,2020-05-04
England,f,80,12574,8099.845906456412,4474.154093543588,3654.925,5322.075,18,2020-05-04
England,f,85,15917,8561.502473528511,7355.497526471488,6301.925,8345.074999999999,18,2020-05-04
England,f,90,12952,8010.034023698757,4941.965976301243,3932.9500000000003,5973.025,18,2020-05-04
England,f,95,4143,2491.3146468167165,1651.6853531832835,1307.9500000000003,1971.05,18,2020-05-04
England,f,100,1601,1293.8212218486583,307.17877815134176,174.97500000000014,478.04999999999995,18,2020-05-04
England,f,Aggr,71167,45145.16835279921,26021.831647200786,20745.575,31734.375,18,2020-05-04
England,m,0,147,141.02974245380557,5.970257546194439,0,54,17,2020-04-27
England,m,5,23,2.6011551570190656,20.398844842980935,7,23,18,2020-05-04
England,m,10,23,1.5304487719226932e-11,22.999999999984695,23,23,18,2020-05-04
England,m,15,113,10.976963482913849,102.02303651708615,78,113,18,2020-05-04
England,m,20,161,2.8516413986082783,158.14835860139172,140,161,18,2020-05-04
England,m,25,254,35.18424107614517,218.81575892385482,176,254,18,2020-05-04
England,m,30,384,174.7403080218486,209.2596919781514,114.97500000000014,292.025,18,2020-05-04
England,m,35,238,210.00086870451543,27.999131295484567,0,84,18,2020-05-04
England,m,45,174,159.7971016361997,14.202898363800301,0,40,17,2020-04-27
England,m,50,1228,841.2608410418601,386.7391589581399,252.97500000000014,522.05,18,2020-05-04
England,m,55,3208,1856.1747161688527,1351.8252838311473,1066.9000000000005,1639.025,18,2020-05-04
England,m,60,4334,2324.5297248884954,2009.4702751115049,1686.9750000000001,2337.025,18,2020-05-04
England,m,65,5652,3922.7178690089813,1729.2821309910184,1400.9500000000003,2147.025,18,2020-05-04
England,m,70,9386,6212.220863814679,3173.7791361853206,2563.9500000000003,3810.2499999999995,18,2020-05-04
England,m,75,10283,6627.770700114343,3655.229299885657,3194.9000000000005,4286,18,2020-05-04
England,m,80,14530,9149.660203126798,5380.339796873202,4609.9000000000005,6278.075,18,2020-05-04
England,m,85,14747,8105.509916608661,6641.490083391339,5681.950000000001,7536.1,18,2020-05-04
England,m,90,9058,5859.344955935586,3198.6550440644146,2623.9750000000004,3936.075,18,2020-05-04
England,m,95,1949,1212.374370946093,736.6256290539071,541,920.025,18,2020-05-04
England,m,100,496,432.0788039224629,63.921196077537104,12,159.02499999999995,18,2020-05-04
England,m,Aggr,76388,47280.824987507884,29107.175012492116,24174.450000000004,34614.7,18,2020-05-04
Finland,b,0,11,6.246694487465722,4.753305512534278,0,11,15,2020-04-13
Finland,b,10,2,1.5205103087445386,0.47948969125546137,0,2,12,2020-03-23
Finland,b,15,15,6.428998988417263,8.571001011582737,0,15,17,2020-04-27
Finland,b,20,6,4.570170473145906,1.4298295268540944,0,5,12,2020-03-23
Finland,b,25,30,19.493826253673767,10.506173746326235,0,26,15,2020-04-13
Finland,b,30,15,11.287206146678237,3.712793853321764,0,13,13,2020-03-30
Finland,b,35,37,29.192172607265274,7.807827392734726,0,26,16,2020-04-20
Finland,b,40,80,42.09178662017861,37.90821337982139,7,68,16,2020-04-20
Finland,b,45,66,51.15419239477116,14.84580760522884,0,44,18,2020-05-04
Finland,b,50,130,101.78701478155368,28.212985218446317,0,76,18,2020-05-04
Finland,b,55,236,211.46734496383417,24.532655036165835,0,102,16,2020-04-20
Finland,b,60,277,240.5640534141401,36.43594658585992,0,107.02499999999995,16,2020-04-20
Finland,b,65,255,244.23382187399034,10.766178126009649,0,65,15,2020-04-13
Finland,b,70,1013,959.4310693230475,53.56893067695246,0,230.02499999999995,17,2020-04-27
Finland,b,75,546,485.0696896848819,60.930310315118106,0,152,16,2020-04-20
Finland,b,80,1804,1517.5015510945375,286.4984489054624,91.97500000000014,542,17,2020-04-27
Finland,b,85,825,783.4424282272169,41.55757177278318,0,167.0499999999999,17,2020-04-27
Finland,b,90,296,284.1325272989891,11.86747270101094,0,59,17,2020-04-27
Finland,b,95,445,420.28480175456843,24.715198245431594,0,130.02499999999995,17,2020-04-27
Finland,b,100,223,182.04857103769356,40.95142896230644,0,115.02499999999995,17,2020-04-27
Finland,b,Aggr,6312,5601.948431734793,710.0515682652064,98.97500000000014,1955.1499999999996,18,2020-05-04
Finland,f,0,11,9.12899510600108,1.8710048939989212,0,11,18,2020-05-04
Finland,f,15,2,1.4208254941448755,0.5791745058551245,0,2,11,2020-03-16
Finland,f,20,4,3.416368166858245,0.5836318331417552,0,4,17,2020-04-27
Finland,f,25,10,5.783909110347872,4.216090889652128,0,10,17,2020-04-27
Finland,f,30,5,3.526331846646684,1.4736681533533156,0,5,13,2020-03-30
Finland,f,35,15,10.318719264991083,4.681280735008917,0,15,17,2020-04-27
Finland,f,40,18,9.728569817804534,8.271430182195466,1,18,16,2020-04-20
Finland,f,45,13,9.320946219396374,3.679053780603626,0,11,18,2020-05-04
Finland,f,50,22,20.56716616867979,1.4328338313202114,0,16,15,2020-04-13
Finland,f,55,74,58.6617041265039,15.338295873496103,0,52,18,2020-05-04
Finland,f,60,66,55.597203656487096,10.4027963435129,0,34.04999999999991,14,2020-04-06
Finland,f,65,156,140.08943097153522,15.910569028464774,0,71,17,2020-04-27
Finland,f,70,314,261.46391324119037,52.53608675880965,6,131,17,2020-04-27
Finland,f,75,431,376.96082350980424,54.03917649019577,0,168,18,2020-05-04
Finland,f,80,761,663.96284272211,97.03715727789,5,255,17,2020-04-27
Finland,f,85,498,449.29532462042033,48.70467537957967,0,136.02499999999998,17,2020-04-27
Finland,f,90,407,383.2601013047357,23.7398986952643,0,101.04999999999991,17,2020-04-27
Finland,f,95,270,253.57547354759365,16.42452645240636,0,89.02499999999995,17,2020-04-27
Finland,f,100,152,131.33214341183862,20.66785658816138,0,78,17,2020-04-27
Finland,f,Aggr,3229,2847.4107923070897,381.5892076929104,12,1207.1499999999996,18,2020-05-04
Finland,m,0,8,3.743541774584753,4.256458225415248,0,8,14,2020-04-06
Finland,m,10,12,10.885637452615523,1.1143625473844765,0,12,18,2020-05-04
Finland,m,15,14,5.715480846064118,8.284519153935882,0,14,17,2020-04-27
Finland,m,20,18,14.21822127524421,3.78177872475579,0,18,15,2020-04-13
Finland,m,25,22,12.354873514957188,9.645126485042812,0,22,16,2020-04-20
Finland,m,30,14,11.682625126800412,2.3173748731995887,0,14,15,2020-04-13
Finland,m,35,32,20.878694900960006,11.121305099039994,0,28,12,2020-03-23
Finland,m,40,65,34.164760485054195,30.835239514945805,4.975000000000136,58,16,2020-04-20
Finland,m,45,66,45.45757344224929,20.54242655775071,0,54,18,2020-05-04
Finland,m,50,98,60.75916937284891,37.24083062715109,6,73,18,2020-05-04
Finland,m,55,177,166.63840142675366,10.361598573246347,0,82,17,2020-04-27
Finland,m,60,251,208.76777453627605,42.23222546372395,1,120,16,2020-04-20
Finland,m,65,119,105.88070722353633,13.119292776463666,0,42,15,2020-04-13
Finland,m,70,326,304.8581394962768,21.14186050372318,0,89.02499999999995,12,2020-03-23
Finland,m,75,322,296.9053996933978,25.094600306602203,0,99,16,2020-04-20
Finland,m,80,893,701.087434148914,191.91256585108604,56.975000000000136,352.025,17,2020-04-27
Finland,m,85,532,467.6038830944226,64.39611690557739,0,179,15,2020-04-13
Finland,m,90,357,310.12444097245026,46.875559027549734,0,141.02499999999995,15,2020-04-13
Finland,m,95,147,120.37328182884937,26.626718171150635,0,86,16,2020-04-20
Finland,m,100,44,34.16351171140469,9.836488288595312,0,38,17,2020-04-27
Finland,m,Aggr,3517,2936.26355232366,580.7364476763398,68.95000000000027,1529.0749999999998,18,2020-05-04
Germany,b,0,71,55.864958383415285,15.135041616584713,0,43,16,2020-04-20
Germany,b,5,60,47.44785227193571,12.55214772806429,0,35,11,2020-03-16
Germany,b,10,47,37.40567420913952,9.594325790860477,0,25,10,2020-03-09
Germany,b,15,57,50.16583136852505,6.834168631474952,0,26,10,2020-03-09
Germany,b,20,105,101.40043974301258,3.5995602569874166,0,37,14,2020-04-06
Germany,b,25,104,96.86681783854056,7.133182161459445,0,35,14,2020-04-06
Germany,b,30,133,119.07822423498706,13.921775765012931,0,46.024999999999956,14,2020-04-06
Germany,b,35,244,227.72823625551817,16.27176374448183,0,71.02499999999995,14,2020-04-06
Germany,b,40,413,394.72402382368216,18.275976176317855,0,98,14,2020-04-06
Germany,b,45,1438,1356.1555501495088,81.84444985049126,0,283.025,16,2020-04-20
Germany,b,50,3284,3067.272099259464,216.72790074053609,5,545.0499999999998,16,2020-04-20
Germany,b,55,4258,4071.000884807756,186.99911519224395,0,528,15,2020-04-13
Germany,b,60,7941,7239.040315893346,701.9596841066542,177,1230.1499999999996,15,2020-04-13
Germany,b,65,12035,11325.390151479447,709.6098485205537,84.95000000000027,1428.0749999999996,16,2020-04-20
Germany,b,70,9206,8764.135568631771,441.8644313682296,28,1014,16,2020-04-20
Germany,b,75,7773,7484.741151660088,288.25884833991176,72,666,15,2020-04-13
Germany,b,80,34749,33055.59793285869,1693.4020671413068,534.9250000000002,3157.1749999999993,16,2020-04-20
Germany,b,85,29056,26895.79572397958,2160.204276020422,948.9250000000006,3480.075,16,2020-04-20
Germany,b,90,22805,21754.138949606415,1050.8610503935847,211.85000000000127,2148,16,2020-04-20
Germany,b,95,8702,7688.877858256065,1013.1221417439343,343.9500000000003,1650.0749999999998,16,2020-04-20
Germany,b,Aggr,142481,133832.8282447109,8648.171755289113,2406.6000000000026,16545.675,16,2020-04-20
Iceland,b,0,8,7.664432615585585,0.335567384414415,0,8,15,2020-04-13
Iceland,b,5,8,7.5621854714562495,0.4378145285437508,0,8,15,2020-04-13
Iceland,b,15,8,7.6785362587930095,0.3214637412069905,0,8,15,2020-04-13
Iceland,b,25,8,6.602305126523595,1.3976948734764052,0,8,15,2020-04-13
Iceland,b,30,8,7.991716378527941,0.00828362147205941,0,8,15,2020-04-13
Iceland,b,40,10,7.681200266525556,2.318799733474444,0,10,15,2020-04-13
Iceland,b,50,3,1.4457434792718407,1.5542565207281593,0,3,13,2020-03-30
Iceland,b,55,8,5.573867025631431,2.4261329743685693,0,8,15,2020-04-13
Iceland,b,60,4,2.441829377421524,1.558170622578476,0,4,10,2020-03-09
Iceland,b,65,4,3.4561357503114185,0.5438642496885815,0,4,8,2020-02-24
Iceland,b,70,12,9.973080786599034,2.026919213400966,0,12,12,2020-03-23
Iceland,b,75,49,29.42874773935238,19.57125226064762,0,44,14,2020-04-06
Iceland,b,80,36,31.839613214479897,4.160386785520101,0,27,15,2020-04-13
Iceland,b,85,8,7.196291057645313,0.803708942354687,0,6,9,2020-03-02
Iceland,b,90,15,12.738830396100688,2.2611696038993117,0,11,9,2020-03-02
Iceland,b,95,10,6.376214421044447,3.6237855789555526,0,10,9,2020-03-02
Iceland,b,100,6,5.852131781878208,0.14786821812179118,0,6,10,2020-03-09
Iceland,b,Aggr,205,161.5028611471481,43.49713885285188,0,185,15,2020-04-13
Iceland,f,0,8,7.964337558441357,0.035662441558643065,0,8,15,2020-04-13
Iceland,f,25,3,2.992870761510127,0.007129238489872902,0,3,10,2020-03-09
Iceland,f,35,8,7.0725770109549195,0.9274229890450805,0,8,15,2020-04-13
Iceland,f,40,2,1.0403489911993002,0.9596510088006998,0,2,12,2020-03-23
Iceland,f,45,8,7.7191402857487255,0.280859714251275,0,8,15,2020-04-13
Iceland,f,50,8,6.905821855338172,1.0941781446618277,0,8,15,2020-04-13
Iceland,f,60,4,2.1559396491903313,1.8440603508096687,0,4,10,2020-03-09
Iceland,f,65,2,1.2311191655312803,0.7688808344687197,0,2,10,2020-03-09
Iceland,f,70,6,3.8078309818034475,2.1921690181965525,0,6,14,2020-04-06
Iceland,f,75,8,3.650103840044932,4.349896159955068,0,8,8,2020-02-24
Iceland,f,80,12,6.836458029166451,5.163541970833549,0,12,15,2020-04-13
Iceland,f,85,5,3.775974009014272,1.2240259909857278,0,4,8,2020-02-24
Iceland,f,90,5,4.3105737987087505,0.6894262012912495,0,4,8,2020-02-24
Iceland,f,95,6,4.774611087065411,1.2253889129345885,0,6,12,2020-03-23
Iceland,f,100,4,3.593523440685627,0.4064765593143733,0,4,12,2020-03-23
Iceland,f,Aggr,89,67.8312304644031,21.168769535596898,0,87,15,2020-04-13
Iceland,m,0,8,6.833102431875478,1.1668975681245217,0,8,15,2020-04-13
Iceland,m,5,8,7.992642152179634,0.007357847820366192,0,8,15,2020-04-13
Iceland,m,30,8,7.427992921013511,0.5720070789864887,0,8,15,2020-04-13
Iceland,m,35,8,7.053818064902808,0.9461819350971922,0,8,15,2020-04-13
Iceland,m,40,8,7.952592812527654,0.04740718747234607,0,8,15,2020-04-13
Iceland,m,50,2,1.5867594917866077,0.4132405082133923,0,2,13,2020-03-30
Iceland,m,55,10,7.070243733286902,2.9297562667130985,0,10,15,2020-04-13
Iceland,m,60,9,6.236910185492656,2.763089814507344,0,9,15,2020-04-13
Iceland,m,65,7,6.079284918935494,0.9207150810645057,0,7,13,2020-03-30
Iceland,m,70,3,2.8376193742891265,0.16238062571087353,0,3,8,2020-02-24
Iceland,m,75,30,12.867480312058333,17.132519687941667,3,30,14,2020-04-06
Iceland,m,80,10,8.329820325915133,1.670179674084868,0,10,14,2020-04-06
Iceland,m,85,12,8.098934598441275,3.901065401558724,0,12,14,2020-04-06
Iceland,m,90,8,4.401020458777456,3.5989795412225445,0,8,14,2020-04-06
Iceland,m,95,3,1.0390893447664897,1.9609106552335103,0,3,9,2020-03-02
Iceland,m,100,8,7.730797219771652,0.26920278022834787,0,8,15,2020-04-13
Iceland,m,Aggr,142,103.53810834602021,38.46189165397979,3,142,15,2020-04-13
Netherlands,b,15,4,2.349895091612226,1.6501049083877741,0,4,12,2020-03-23
Netherlands,b,20,8,6.170640228443694,1.8293597715563061,0,8,12,2020-03-23
Netherlands,b,30,24,22.56427182039545,1.4357281796045491,0,17,12,2020-03-23
Netherlands,b,35,40,37.4196856630886,2.580314336911403,0,24,12,2020-03-23
Netherlands,b,40,103,100.61209525922017,2.3879047407798346,0,50,14,2020-04-06
Netherlands,b,45,266,250.52184833479896,15.478151665201025,0,97,15,2020-04-13
Netherlands,b,50,482,436.8943070579548,45.10569294204522,0,150.02499999999995,16,2020-04-20
Netherlands,b,55,817,710.7458120878839,106.25418791211604,18,247,16,2020-04-20
Netherlands,b,60,1282,1064.4827899799925,217.51721002000755,86.97500000000014,394.025,16,2020-04-20
Netherlands,b,65,2037,1599.3222805581383,437.67771944186165,266,656,16,2020-04-20
Netherlands,b,70,3030,2234.7211143172694,795.2788856827307,574,1055,16,2020-04-20
Netherlands,b,75,3038,2080.7485709863067,957.251429013693,744,1184.0749999999998,16,2020-04-20
Netherlands,b,80,3671,2444.1504296411213,1226.8495703588787,994.9750000000001,1476,16,2020-04-20
Netherlands,b,85,4780,3331.37622074652,1448.6237792534798,1180,1778.025,16,2020-04-20
Netherlands,b,90,4467,3185.487593922816,1281.5124060771843,1009.9750000000001,1608.0749999999998,16,2020-04-20
Netherlands,b,95,2823,2119.0448653268036,703.9551346731962,489,956.05,16,2020-04-20
Netherlands,b,100,1116,864.6364690429617,251.36353095703825,101,420.025,16,2020-04-20
Netherlands,b,Aggr,27988,20491.248890065326,7496.751109934672,5463.925,10124.3,16,2020-04-20
Netherlands,f,20,3,1.0481206384469803,1.9518793615530194,0,3,12,2020-03-23
Netherlands,f,25,4,2.197538798644431,1.8024612013555692,0,4,12,2020-03-23
Netherlands,f,30,17,13.683000112756199,3.3169998872438016,0,17,15,2020-04-13
Netherlands,f,35,24,17.146006359511418,6.853993640488582,0,23.024999999999956,14,2020-04-06
Netherlands,f,40,51,41.55492510531462,9.445074894685385,0,39,15,2020-04-13
Netherlands,f,45,123,101.44701570912315,21.552984290876847,6,71,15,2020-04-13
Netherlands,f,50,195,152.13027643336702,42.86972356663297,16,102,15,2020-04-13
Netherlands,f,55,329,249.04783420165543,79.95216579834457,35,153,15,2020-04-13
Netherlands,f,60,574,436.29946809944016,137.70053190055984,69.97500000000014,245.02499999999995,16,2020-04-20
Netherlands,f,65,1006,754.2908822151727,251.70911778482733,147,407.025,16,2020-04-20
Netherlands,f,70,1639,1212.4700279066237,426.5299720933764,284,638.025,16,2020-04-20
Netherlands,f,75,1888,1310.2747901546509,577.7252098453491,398,801.025,16,2020-04-20
Netherlands,f,80,2040,1367.5758197943428,672.4241802056572,490.97500000000014,868.025,16,2020-04-20
Netherlands,f,85,2900,2022.0292340519513,877.9707659480488,664,1133.05,16,2020-04-20
Netherlands,f,90,3331,2445.052756726551,885.947243273449,657,1199,16,2020-04-20
Netherlands,f,95,2385,1828.3331481642576,556.66685183574225,356.97500000000014,826.025,16,2020-04-20
Netherlands,f,100,873,659.5922155594473,213.4077844405527,77,360.0499999999999,16,2020-04-20
Netherlands,f,Aggr,17382,12614.173060031257,4767.826939968743,3201.925,6889.275,16,2020-04-20
Netherlands,m,20,6,5.370744512783667,0.629255487216333,0,6,16,2020-04-20
Netherlands,m,30,8,6.7281812650314725,1.2718187349685275,0,8,11,2020-03-16
Netherlands,m,35,25,23.978636644095644,1.0213633559043576,0,17,13,2020-03-30
Netherlands,m,40,33,30.382678131951913,2.6173218680480854,0,21,16,2020-04-20
Netherlands,m,45,139,128.4545614729772,10.545438527022817,0,64,16,2020-04-20
Netherlands,m,50,255,221.67721499213008,33.32278500786993,0,103.02499999999995,16,2020-04-20
Netherlands,m,55,430,353.03055398305065,76.96944601694935,5,167,16,2020-04-20
Netherlands,m,60,671,521.6613971601417,149.33860283985828,51.975000000000136,259,16,2020-04-20
Netherlands,m,65,1212,910.8481563673347,301.15184363266536,169,471,16,2020-04-20
Netherlands,m,70,1818,1279.5496934562025,538.4503065437975,374,740,16,2020-04-20
Netherlands,m,75,2234,1518.2577817437332,715.7422182562668,521,942.0749999999999,16,2020-04-20
Netherlands,m,80,2590,1662.6540073165802,927.3459926834198,698.9750000000001,1162.0249999999999,16,2020-04-20
Netherlands,m,85,2447,1635.0618538570998,811.9381461429002,624.9750000000001,1032.05,16,2020-04-20
Netherlands,m,90,1838,1271.9334533271613,566.0665466728387,401.97500000000014,762,16,2020-04-20
Netherlands,m,95,917,626.3047737700455,290.6952262299545,159,431,16,2020-04-20
Netherlands,m,100,177,132.07023443547862,44.929765564521375,3,105,16,2020-04-20
Netherlands,m,Aggr,14800,10327.963922435798,4472.036077564202,3008.9000000000005,6290.174999999999,16,2020-04-20
Norway,b,0,8,4.609642439463197,3.390357560536803,0,8,13,2020-03-30
Norway,b,5,11,9.684818645829857,1.3151813541701425,0,11,17,2020-04-27
Norway,b,10,9,7.9781512367021055,1.0218487632978945,0,9,16,2020-04-20
Norway,b,15,11,5.809198570571818,5.190801429428182,0,11,11,2020-03-16
Norway,b,20,12,8.925432493859763,3.074567506140237,0,12,14,2020-04-06
Norway,b,25,23,15.834306662618332,7.1656933373816685,0,23,15,2020-04-13
Norway,b,30,6,3.5654079683283455,2.4345920316716545,0,6,12,2020-03-23
Norway,b,35,27,17.069553880897516,9.930446119102484,0,23,16,2020-04-20
Norway,b,40,52,35.64872446841424,16.351275531585767,3,41.024999999999956,16,2020-04-20
Norway,b,45,56,42.311599299063566,13.688400700936432,2,38,15,2020-04-13
Norway,b,50,99,83.15772538784694,15.842274612153064,0,61,17,2020-04-27
Norway,b,55,100,90.82004176232127,9.17995823767874,0,47,13,2020-03-30
Norway,b,60,36,35.571538834604326,0.42846116539567447,0,12,9,2020-03-02
Norway,b,65,211,194.54545682143853,16.454543178561465,0,73.02499999999995,16,2020-04-20
Norway,b,70,617,562.6313165211916,54.368683478808464,0,183,15,2020-04-13
Norway,b,75,542,463.17936428773703,78.820635712263,1,178,15,2020-04-13
Norway,b,80,859,792.1893357558239,66.8106642441761,0,220,15,2020-04-13
Norway,b,85,854,794.9680587253981,59.031941274601934,0,205,14,2020-04-06
Norway,b,90,274,263.91147726700007,10.088522732999934,0,59,15,2020-04-13
Norway,b,95,398,350.2071442850934,47.79285571490657,0,142,16,2020-04-20
Norway,b,100,81,63.9700810320801,17.029918967919897,0,58,15,2020-04-13
Norway,b,Aggr,4286,3846.588376346284,439.4116236537161,6,1420.05,17,2020-04-27
Norway,f,0,4,2.1532114267229128,1.8467885732770872,0,4,13,2020-03-30
Norway,f,5,9,8.593754852689719,0.40624514731028116,0,9,17,2020-04-27
Norway,f,10,9,8.697842807801297,0.3021571921987023,0,9,17,2020-04-27
Norway,f,15,2,1.0425508647686677,0.9574491352313323,0,2,8,2020-02-24
Norway,f,20,3,1.3989622287839938,1.6010377712160062,0,3,11,2020-03-16
Norway,f,25,8,5.002365251867179,2.9976347481328207,0,8,14,2020-04-06
Norway,f,30,2,1.3498392966502857,0.6501607033497143,0,2,8,2020-02-24
Norway,f,35,14,4.751832717135505,9.248167282864493,1,14,16,2020-04-20
Norway,f,40,25,14.502500266896423,10.497499733103577,1,25,17,2020-04-27
Norway,f,45,27,12.434785506997986,14.565214493002014,2,27,14,2020-04-06
Norway,f,50,52,34.80794898347802,17.192051016521976,2,45,17,2020-04-27
Norway,f,55,51,42.521548607115065,8.478451392884933,0,36,17,2020-04-27
Norway,f,60,17,14.708244085352343,2.2917559146476574,0,9,10,2020-03-09
Norway,f,65,88,70.69635868334294,17.303641316657068,2,49.024999999999956,14,2020-04-06
Norway,f,70,242,203.63311317363926,38.36688682636075,5,110,16,2020-04-20
Norway,f,75,221,200.4731720236671,20.526827976332903,0,87,14,2020-04-06
Norway,f,80,199,176.24002026932106,22.759979730678936,0,69,13,2020-03-30
Norway,f,85,473,433.19495154065845,39.805048459341535,0,146.02499999999995,16,2020-04-20
Norway,f,90,427,407.22268658106685,19.777313418933133,0,113,16,2020-04-20
Norway,f,95,284,258.56758088395827,25.43241911604175,0,107,16,2020-04-20
Norway,f,100,50,41.19267421326741,8.807325786732589,0,35,15,2020-04-13
Norway,f,Aggr,2207,1943.1859442651808,263.81405573481925,13,909.05,17,2020-04-27
Norway,m,0,8,6.746678481036608,1.2533215189633917,0,8,16,2020-04-20
Norway,m,5,10,9.829631641045985,0.1703683589540148,0,10,17,2020-04-27
Norway,m,10,10,9.488545137508734,0.5114548624912657,0,10,17,2020-04-27
Norway,m,15,4,2.8607581058392677,1.1392418941607325,0,4,11,2020-03-16
Norway,m,20,11,8.47562487675295,2.5243751232470517,0,11,15,2020-04-13
Norway,m,25,15,9.105101971962767,5.8948980280372325,0,15,15,2020-04-13
Norway,m,30,4,2.6165765405936674,1.3834234594063326,0,4,12,2020-03-23
Norway,m,35,5,3.079195359993199,1.9208046400068008,0,5,11,2020-03-16
Norway,m,40,25,17.94370338854015,7.05629661145985,0,21,14,2020-04-06
Norway,m,45,19,14.870099251001902,4.129900748998098,0,13,15,2020-04-13
Norway,m,50,36,27.349000973861735,8.650999026138265,0,26,13,2020-03-30
Norway,m,55,48,42.04698800042756,5.953011999572441,0,28,13,2020-03-30
Norway,m,60,42,41.02654998859906,0.9734500114009457,0,18,13,2020-03-30
Norway,m,65,106,92.67679586729321,13.323204132706788,0,46,16,2020-04-20
Norway,m,70,268,230.8706958670984,37.12930413290161,0,106.02499999999995,15,2020-04-13
Norway,m,75,333,262.82266984872797,70.177330151272,10,141.02499999999995,15,2020-04-13
Norway,m,80,424,381.43173103506064,42.568268964939385,0,152,15,2020-04-13
Norway,m,85,281,262.0475979224755,18.952402077524482,0,84,14,2020-04-06
Norway,m,90,110,98.39150631371882,11.608493686281179,0,41.024999999999956,15,2020-04-13
Norway,m,95,103,75.59094055314212,27.409059446857878,6,64,14,2020-04-06
Norway,m,100,17,10.687871220426652,6.312128779573348,0,17,16,2020-04-20
Norway,m,Aggr,1879,1609.958262345107,269.0417376548931,16,824.0749999999998,17,2020-04-27
Portugal,b,0,25,22.20356875710715,2.796431242892851,0,21,18,2020-05-04
Portugal,b,5,8,5.467850660197917,2.532149339802083,0,8,18,2020-05-04
Portugal,b,10,4,2.090170594859587,1.9098294051404128,0,4,18,2020-05-04
Portugal,b,15,16,7.3421885615064495,8.65781143849355,0,16,17,2020-04-27
Portugal,b,20,25,14.311125796148195,10.688874203851805,0,25,17,2020-04-27
Portugal,b,25,33,25.239074960440266,7.7609250395597345,0,33,17,2020-04-27
Portugal,b,30,55,46.23478717379867,8.765212826201328,0,42,17,2020-04-27
Portugal,b,35,82,70.77743266277967,11.22256733722032,0,54.024999999999956,17,2020-04-27
Portugal,b,40,150,124.58786835365709,25.41213164634291,0,85,17,2020-04-27
Portugal,b,45,292,240.41713735056626,51.582862649433736,3,142.02499999999995,17,2020-04-27
Portugal,b,50,400,326.19606014784057,73.80393985215943,5,168,15,2020-04-13
Portugal,b,55,425,368.4239176249593,56.576082375040684,0,141,15,2020-04-13
Portugal,b,60,574,512.4242174390549,61.57578256094506,3,161.0499999999999,16,2020-04-20
Portugal,b,65,1196,1104.3780002123178,91.62199978768226,2,284.025,16,2020-04-20
Portugal,b,70,1913,1649.1253767988192,263.87462320118084,50,529.025,18,2020-05-04
Portugal,b,75,2205,1927.9981300845793,277.0018699154208,73.95000000000027,562.05,18,2020-05-04
Portugal,b,80,3120,2681.592933858732,438.407066141268,173.97500000000014,775.025,18,2020-05-04
Portugal,b,85,3743,3229.320651556725,513.6793484432752,214.95000000000027,878.025,18,2020-05-04
Portugal,b,90,3317,2901.1444193245134,415.8555806754864,144.97500000000014,763,18,2020-05-04
Portugal,b,95,2280,2045.8376332531316,234.16236674686849,73.97500000000014,518,18,2020-05-04
Portugal,b,100,932,853.5082373858261,78.49176261417396,0,231,17,2020-04-27
Portugal,b,Aggr,20795,18158.620782557562,2636.3792174424398,744.825000000001,5440.25,18,2020-05-04
Spain,b,25,36,34.95294316993653,1.0470568300634682,0,20,16,2020-04-20
Spain,b,30,124,105.53043324514665,18.46956675485335,0,68,19,2020-05-11
Spain,b,35,255,225.29962732407657,29.700372675923425,0,106,19,2020-05-11
Spain,b,40,891,751.4173393304804,139.58266066951958,4,347.025,19,2020-05-11
Spain,b,45,1216,1103.1333286865063,112.8666713134937,0,330,19,2020-05-11
Spain,b,50,1970,1756.9567077827703,213.0432922172297,41,494,19,2020-05-11
Spain,b,55,2701,2326.6912423099247,374.3087576900755,178,665.025,19,2020-05-11
Spain,b,60,4163,3452.602757834344,710.3972421656556,476.97500000000014,1086.025,19,2020-05-11
Spain,b,65,6821,5191.420682864037,1629.5793171359626,1176.9500000000003,2132.075,19,2020-05-11
Spain,b,70,8303,5882.334868782703,2420.665131217297,1954.9000000000005,2943.05,19,2020-05-11
Spain,b,75,6721,4337.167531436175,2383.8324685638254,1947,2830.05,17,2020-04-27
Spain,b,80,11402,7132.87050885158,4269.12949114842,3570.850000000001,5054.0999999999995,17,2020-04-27
Spain,b,85,14044,8474.281550953736,5569.718449046263,4523.975,6524.174999999999,17,2020-04-27
Spain,b,90,22149,15159.667936676675,6989.332063323324,6094.975,8017.1,19,2020-05-11
Spain,b,95,15568,9368.340253124517,6199.6597468754835,4575.875000000001,7978.15,19,2020-05-11
Spain,b,100,7996,4940.5053288498975,3055.4946711501025,1765.800000000001,4414.15,19,2020-05-11
Spain,b,Aggr,104360,70243.1730412225,34116.82695877749,26310.300000000003,43008.924999999996,19,2020-05-11
Spain,f,5,2,1.6421979491509424,0.3578020508490576,0,2,19,2020-05-11
Spain,f,10,4,2.735437362210722,1.2645626377892782,0,4,19,2020-05-11
Spain,f,15,3,2.067770471153155,0.932229528846845,0,3,19,2020-05-11
Spain,f,20,13,11.070426694088056,1.9295733059119433,0,13,19,2020-05-11
Spain,f,25,28,21.20723830035272,6.792761699647279,0,23,19,2020-05-11
Spain,f,30,62,50.6330470317124,11.3669529682876,0,47,19,2020-05-11
Spain,f,35,147,120.44024580653907,26.559754193460925,0,91.02499999999995,19,2020-05-11
Spain,f,40,281,233.05024303574888,47.94975696425112,0,147,19,2020-05-11
Spain,f,45,417,378.3974590300485,38.60254096995151,0,157,19,2020-05-11
Spain,f,50,689,618.978755099124,70.02124490087603,3,235.02499999999995,19,2020-05-11
Spain,f,55,496,425.12291291693333,70.87708708306666,12,165,16,2020-04-20
Spain,f,60,1240,1050.6960268269117,189.30397317308814,79,392.025,18,2020-05-04
Spain,f,65,1770,1366.558818420772,403.4411815792279,222.97500000000014,635,18,2020-05-04
Spain,f,70,2636,1903.94971503846,732.05028496154,480.97500000000014,1008.025,18,2020-05-04
Spain,f,75,2597,1750.4786775959349,846.521322404065,597,1106.025,18,2020-05-04
Spain,f,80,4239,2731.988637011393,1507.0113629886068,1103,1900,17,2020-04-27
Spain,f,85,6778,4355.871890164045,2422.1281098359545,1778.9750000000001,3041.125,17,2020-04-27
Spain,f,90,11153,7358.279966036733,3794.7200339632677,3203.9500000000003,4413.075,19,2020-05-11
Spain,f,95,10368,6377.737547276563,3990.2624527234366,2958.875000000001,5115.125,19,2020-05-11
Spain,f,100,6302,3983.8555356791253,2318.1444643208747,1345.9500000000003,3352.2499999999995,19,2020-05-11
Spain,f,Aggr,49225,32744.762547747,16480.237452253,11785.700000000003,21849.7,19,2020-05-11
Spain,m,30,61,51.78889486372847,9.211105136271525,0,40,18,2020-05-04
Spain,m,35,105,95.3547099739861,9.645290026013903,0,46,16,2020-04-20
Spain,m,40,554,467.77429768781866,86.22570231218137,1.9750000000001364,245,19,2020-05-11
Spain,m,45,784,717.7732140950858,66.22678590491424,0,235.02499999999995,18,2020-05-04
Spain,m,50,1303,1179.653001564926,123.34699843507403,18,345.025,19,2020-05-11
Spain,m,55,2179,1882.5987436216396,296.40125637836036,118.97500000000014,582.0999999999998,19,2020-05-11
Spain,m,60,2635,2135.561970911801,499.43802908819924,306,785.0749999999999,19,2020-05-11
Spain,m,65,3778,2753.329575420746,1024.670424579254,731,1349,19,2020-05-11
Spain,m,70,6038,4300.691695049094,1737.3083049509064,1367,2212.05,19,2020-05-11
Spain,m,75,4853,3214.3281675229478,1638.6718324770525,1342.8500000000008,2000.025,17,2020-04-27
Spain,m,80,6749,3974.0798072596763,2774.9201927403237,2353.9500000000003,3197.05,17,2020-04-27
Spain,m,85,8028,4867.363842061108,3160.636157938892,2678.9500000000003,3661.0499999999997,17,2020-04-27
Spain,m,90,9374,6173.055587066483,3200.944412933517,2625.9750000000004,3876.025,19,2020-05-11
Spain,m,95,4907,2915.712790960686,1991.287209039314,1340.9250000000004,2674.125,19,2020-05-11
Spain,m,100,1476,925.5951055033287,550.4048944966713,247.97500000000014,863,19,2020-05-11
Spain,m,Aggr,52824,35654.661403563056,17169.338596436944,13133.575000000003,22110.55,19,2020-05-11
Sweden,b,0,10,3.3757796509755047,6.624220349024495,0,10,18,2020-05-04
Sweden,b,5,13,6.867572844253844,6.132427155746156,0,13,18,2020-05-04
Sweden,b,10,17,8.058474613640431,8.941525386359569,0,17,18,2020-05-04
Sweden,b,15,21,14.55265074248315,6.44734925751685,0,21,18,2020-05-04
Sweden,b,20,35,22.03488670972425,12.965113290275749,0,35,18,2020-05-04
Sweden,b,25,55,37.73188836371604,17.268111636283958,0,47,18,2020-05-04
Sweden,b,30,69,50.34133319309534,18.658666806904666,0,53,18,2020-05-04
Sweden,b,35,95,75.9424485488364,19.057551451163604,0,66,18,2020-05-04
Sweden,b,40,145,121.90763707843409,23.092362921565904,0,87,18,2020-05-04
Sweden,b,45,212,181.85482031637204,30.14517968362796,0,110,18,2020-05-04
Sweden,b,50,327,286.50479790819526,40.495202091804764,0,141.02499999999995,18,2020-05-04
Sweden,b,55,356,299.85727898618296,56.14272101381704,2,150,18,2020-05-04
Sweden,b,60,491,400.42622919325174,90.57377080674823,11,195.02499999999995,17,2020-04-27
Sweden,b,65,937,763.3373183063304,173.66268169366953,49,330.025,18,2020-05-04
Sweden,b,70,2130,1733.4404647122553,396.55953528774467,185,663,18,2020-05-04
Sweden,b,75,2678,2135.1740601678553,542.8259398321447,315.97500000000014,820,18,2020-05-04
Sweden,b,80,3146,2360.1269253078544,785.8730746921457,506,1069.025,18,2020-05-04
Sweden,b,85,3362,2493.103777876655,868.8962221233453,598,1151.1,18,2020-05-04
Sweden,b,90,2542,1918.821522724715,623.1784772752852,408,868.0749999999999,18,2020-05-04
Sweden,b,95,1236,941.8343971394029,294.1656028605971,146.97500000000014,456.025,18,2020-05-04
Sweden,b,100,674,552.8411264130642,121.15887358693581,18,273.025,18,2020-05-04
Sweden,b,Aggr,18551,14408.135390797293,4142.864609202707,2239.9500000000003,6575.325,18,2020-05-04
Sweden,f,0,1,0.799237137516707,0.200762862483293,0,1,18,2020-05-04
Sweden,f,5,1,0.8779747344634524,0.12202526553654758,0,1,18,2020-05-04
Sweden,f,10,2,1.9513372795017356,0.048662720498264256,0,2,12,2020-03-23
Sweden,f,20,2,1.2873038003788972,0.7126961996211028,0,2,18,2020-05-04
Sweden,f,25,3,2.5626008680309402,0.4373991319690598,0,3,18,2020-05-04
Sweden,f,30,15,13.46682224515877,1.5331777548412302,0,15,18,2020-05-04
Sweden,f,35,12,10.602389098669676,1.3976109013303253,0,12,18,2020-05-04
Sweden,f,40,6,5.150708374879213,0.8492916251207872,0,5,15,2020-04-13
Sweden,f,45,42,36.641074003091404,5.358925996908592,0,27,16,2020-04-20
Sweden,f,50,88,76.646958977388607,11.3530410226114,0,53,16,2020-04-20
Sweden,f,55,120,101.32453636868749,18.675463631312514,0,66,16,2020-04-20
Sweden,f,60,210,173.73989436587314,36.26010563412685,0,106,17,2020-04-27
Sweden,f,65,372,294.31698304603196,77.683016953968007,4,170.02499999999995,17,2020-04-27
Sweden,f,70,923,754.2427491605893,168.7572508394107,49.975000000000136,349,18,2020-05-04
Sweden,f,75,1321,1034.8787000139762,286.1212999860237,110.97500000000014,497,18,2020-05-04
Sweden,f,80,1295,982.0100313633135,312.9899686366865,156.97500000000014,477,18,2020-05-04
Sweden,f,85,1581,1182.4835029587118,398.51649704128823,227,579,18,2020-05-04
Sweden,f,90,1525,1167.6591474512736,357.3408525487263,194.97500000000014,546,18,2020-05-04
Sweden,f,95,1045,824.5056363011602,220.4943636988399,87,395.025,18,2020-05-04
Sweden,f,100,484,382.2068840930141,101.79311590698589,12,219.0499999999999,18,2020-05-04
Sweden,f,Aggr,9048,7047.354471641711,2000.645528358289,842.9000000000005,3525.1,18,2020-05-04
Sweden,m,0,3,0.4945296675992079,2.505470332400792,0,3,16,2020-04-20
Sweden,m,5,7,1.0229753840502949,5.977024615949705,0,7,18,2020-05-04
Sweden,m,10,11,3.37314518940157,7.62685481059843,0,11,18,2020-05-04
Sweden,m,15,15,4.3050484342302555,10.694951565769744,1,15,18,2020-05-04
Sweden,m,20,23,10.086948006221268,12.913051993778732,0,23,18,2020-05-04
Sweden,m,25,39,20.69193745314744,18.30806254685256,0,39,18,2020-05-04
Sweden,m,30,52,32.307359213676264,19.692640786323736,0,52,18,2020-05-04
Sweden,m,35,65,42.02449883347414,22.975501166525863,0,55,18,2020-05-04
Sweden,m,40,99,72.08313875639058,26.916861243609425,0,77,18,2020-05-04
Sweden,m,45,145,111.81754275694037,33.18245724305963,0,94,18,2020-05-04
Sweden,m,50,222,183.6909331087981,38.30906689120188,0,123.02499999999995,18,2020-05-04
Sweden,m,55,246,202.0586172246406,43.9413827753594,2,126,18,2020-05-04
Sweden,m,60,372,314.6142599097345,57.385740090265486,7,157.02499999999995,18,2020-05-04
Sweden,m,65,624,525.3383329386589,98.66166706134102,17,237.02499999999995,18,2020-05-04
Sweden,m,70,1276,1047.1695503482124,228.83044965178763,80.97500000000014,431.0499999999999,18,2020-05-04
Sweden,m,75,1693,1303.1967243571821,389.8032756428179,186.95000000000027,618.05,18,2020-05-04
Sweden,m,80,2015,1520.2092678124338,494.7907321875661,268.9500000000003,754.025,18,2020-05-04
Sweden,m,85,1918,1432.3416939943615,485.65830600563856,285.97500000000014,734.025,18,2020-05-04
Sweden,m,90,930,660.5273305256464,269.47266947435355,134,409,18,2020-05-04
Sweden,m,95,393,301.3744496657314,91.62555033426861,18,184,18,2020-05-04
Sweden,m,100,114,93.4686339481608,20.531366051839207,0,72.02499999999995,18,2020-05-04
Sweden,m,Aggr,10262,7882.196917528692,2379.803082471308,1001.8500000000008,4221.25,18,2020-05-04
USA,b,30,863,861.7661913698319,1.2338086301681415,0,58,9,2020-03-02
USA,b,35,1089,1076.9634911046023,12.036508895397674,0,76,9,2020-03-02
USA,b,40,6429,6269.4889849652445,159.51101503475525,9,510.07500000000005,15,2020-04-13
USA,b,45,10273,9725.39925211325,547.6007478867514,188,1032.05,15,2020-04-13
USA,b,50,12956,11875.823350268314,1080.1766497316858,528.9000000000005,1630,15,2020-04-13
USA,b,55,16179,14998.070221081776,1180.9297789182247,788,1812.025,15,2020-04-13
USA,b,60,12454,11043.272672320807,1410.7273276791925,1063.975,1844.025,15,2020-04-13
USA,b,65,10580,9001.608237673412,1578.391762326588,1246,1934,15,2020-04-13
USA,b,70,11334,9666.166843575156,1667.8331564248429,1323.9500000000003,2038,15,2020-04-13
USA,b,75,12452,10700.087548269972,1751.912451730028,1403.9500000000003,2131.05,15,2020-04-13
USA,b,80,16006,13935.801268498119,2070.1987315018805,1689,2516.0999999999995,15,2020-04-13
USA,b,85,23421,20758.154042560236,2662.845957439764,2231,3255.0249999999996,15,2020-04-13
USA,b,90,30391,27490.709630291334,2900.2903697086676,2454,3585.0249999999996,15,2020-04-13
USA,b,95,16848,14992.882726540847,1855.1172734591537,1479,2244.0499999999993,15,2020-04-13
USA,b,100,9537,8867.157840290261,669.8421597097386,394.97499999999945,945.0250000000005,15,2020-04-13
USA,b,Aggr,190812,171263.35230092317,19548.64769907684,14799.75,25610.449999999997,15,2020-04-13
