"","Country","Year","Age","Female","Male","Total"
"1","Belgium","2019",0,57969,60380,118349
"2","Belgium","2019",5,243329,255083,498412
"3","Belgium","2019",10,326204,341523,667727
"4","Belgium","2019",15,321097,336907,658004
"5","Belgium","2019",20,308350,324576,632926
"6","Belgium","2019",25,330053,343335,673388
"7","Belgium","2019",30,372819,377385,750204
"8","Belgium","2019",35,369687,371039,740726
"9","Belgium","2019",40,375545,379677,755222
"10","Belgium","2019",45,363596,370403,733999
"11","Belgium","2019",50,384620,394692,779312
"12","Belgium","2019",55,396998,407126,804124
"13","Belgium","2019",60,395710,396261,791971
"14","Belgium","2019",65,360618,350239,710857
"15","Belgium","2019",70,317182,298705,615887
"16","Belgium","2019",75,281670,250001,531671
"17","Belgium","2019",80,206071,165310,371381
"18","Belgium","2019",85,188251,131165,319416
"19","Belgium","2019",90,138532,76750,215282
"20","Belgium","2019",95,81439.07,30900.94,112340.01
"21","Czechia","2019",0,55699,58167,113866
"22","Czechia","2019",5,220778,232528,453306
"23","Czechia","2019",10,279079,292895,571974
"24","Czechia","2019",15,269794,284120,553914
"25","Czechia","2019",20,227173,240218,467391
"26","Czechia","2019",25,242645,255372,498017
"27","Czechia","2019",30,325537,343440,668977
"28","Czechia","2019",35,351422,373769,725191
"29","Czechia","2019",40,380714,406261,786975
"30","Czechia","2019",45,456041,481362,937403
"31","Czechia","2019",50,382802,404233,787035
"32","Czechia","2019",55,339749,352218,691967
"33","Czechia","2019",60,313641,314566,628207
"34","Czechia","2019",65,350778,328182,678960
"35","Czechia","2019",70,364441,315501,679942
"36","Czechia","2019",75,330966,258907,589873
"37","Czechia","2019",80,226982,156913,383895
"38","Czechia","2019",85,145219,83949,229168
"39","Czechia","2019",90,96420,45812,142232
"40","Czechia","2019",95,45725.92,15780.93,61506.85
"41","Denmark","2020",0,29817,31649,61466
"42","Denmark","2020",5,119785,126637,246422
"43","Denmark","2020",10,149474,157127,306601
"44","Denmark","2020",15,164885,173744,338629
"45","Denmark","2020",20,167639,175643,343282
"46","Denmark","2020",25,186937,194954,381891
"47","Denmark","2020",30,196402,204408,400810
"48","Denmark","2020",35,175511,182835,358346
"49","Denmark","2020",40,162485,165977,328462
"50","Denmark","2020",45,181674,182485,364159
"51","Denmark","2020",50,195744,196145,391889
"52","Denmark","2020",55,204373,207533,411906
"53","Denmark","2020",60,193719,194819,388538
"54","Denmark","2020",65,173710,170661,344371
"55","Denmark","2020",70,163541,155734,319275
"56","Denmark","2020",75,168091,156463,324554
"57","Denmark","2020",80,128223,111613,239836
"58","Denmark","2020",85,83207,64756,147963
"59","Denmark","2020",90,48573,30762,79335
"60","Denmark","2020",95,32055,12973,45028
"61","England","2017",0,338257.18,355815.18,694072.36
"62","England","2017",5,1381657.66,1454019.56,2835677.22
"63","England","2017",10,1759742.03,1846125.68,3605867.71
"64","England","2017",15,1585650.24,1663249.72,3248899.96
"65","England","2017",20,1591852.81,1672713.84,3264566.65
"66","England","2017",25,1768234.72,1858240.92,3626475.64
"67","England","2017",30,1953473.41,1992351.97,3945825.38
"68","England","2017",35,1952570.38,1944997.53,3897567.91
"69","England","2017",40,1884882.3,1870018.5,3754900.8
"70","England","2017",45,1833911.33,1811771.96,3645683.29
"71","England","2017",50,2053603.15,2003374.27,4056977.42
"72","England","2017",55,2076038.8,2018482.89,4094521.69
"73","England","2017",60,1831198.97,1789501.46,3620700.43
"74","England","2017",65,1594724.58,1534228.59,3128953.17
"75","England","2017",70,1620052.41,1524807.75,3144860.16
"76","England","2017",75,1380992,1267176.04,2648168.04
"77","England","2017",80,1032939.92,884038.54,1916978.46
"78","England","2017",85,812306.91,627353.62,1439660.53
"79","England","2017",90,549323.76,348198.88,897522.64
"80","England","2017",95,360198.01,158375.99,518574
"81","Finland","2019",0,23000,24663,47663
"82","Finland","2019",5,107629,112394,220023
"83","Finland","2019",10,151005,158005,309010
"84","Finland","2019",15,149356,156182,305538
"85","Finland","2019",20,144041,152126,296167
"86","Finland","2019",25,155877,164499,320376
"87","Finland","2019",30,172237,182635,354872
"88","Finland","2019",35,169564,180832,350396
"89","Finland","2019",40,172424,183327,355751
"90","Finland","2019",45,166596,175769,342365
"91","Finland","2019",50,155005,160573,315578
"92","Finland","2019",55,181247,183302,364549
"93","Finland","2019",60,185077,183156,368233
"94","Finland","2019",65,185506,177055,362561
"95","Finland","2019",70,187930,174278,362208
"96","Finland","2019",75,176154,154506,330660
"97","Finland","2019",80,117326,91933,209259
"98","Finland","2019",85,92842,62247,155089
"99","Finland","2019",90,63302,32747,96049
"100","Finland","2019",95,38511,13061,51572
"101","Japan","2019",0,446918.91,470112.68,917031.59
"102","Japan","2019",5,1869947.06,1962574.79,3832521.85
"103","Japan","2019",10,2487475.51,2609026.41,5096501.92
"104","Japan","2019",15,2597792.87,2724928.12,5322720.99
"105","Japan","2019",20,2813424.24,2966586.73,5780010.97
"106","Japan","2019",25,2901874.57,3065442.06,5967316.63
"107","Japan","2019",30,2880590.48,3009542.43,5890132.91
"108","Japan","2019",35,3255573.12,3380340.8,6635913.92
"109","Japan","2019",40,3659274.61,3783463.83,7442738.44
"110","Japan","2019",45,4337974.33,4485993.03,8823967.36
"111","Japan","2019",50,4698121.71,4835382.71,9533504.42
"112","Japan","2019",55,4100862.04,4174168.96,8275031
"113","Japan","2019",60,3779947.77,3785177.01,7565124.78
"114","Japan","2019",65,3796802.52,3705624.4,7502426.92
"115","Japan","2019",70,4721238.38,4426520.76,9147759.14
"116","Japan","2019",75,4400236.06,3906799.59,8307035.65
"117","Japan","2019",80,3857119.25,3121876,6978995.25
"118","Japan","2019",85,3137064.54,2189035.97,5326100.51
"119","Japan","2019",90,2295379.56,1234837.16,3530216.72
"120","Japan","2019",95,1666970.28,547219.12,2214189.4
"121","Netherlands","2019",0,82270,86173,168443
"122","Netherlands","2019",5,340134,357485,697619
"123","Netherlands","2019",10,447209,470233,917442
"124","Netherlands","2019",15,466784,489531,956315
"125","Netherlands","2019",20,513715,538304,1052019
"126","Netherlands","2019",25,531643,548282,1079925
"127","Netherlands","2019",30,552792,569071,1121863
"128","Netherlands","2019",35,533531,543375,1076906
"129","Netherlands","2019",40,514558,516735,1031293
"130","Netherlands","2019",45,514928,510460,1025388
"131","Netherlands","2019",50,619179,616540,1235719
"132","Netherlands","2019",55,634869,641987,1276856
"133","Netherlands","2019",60,614931,616601,1231532
"134","Netherlands","2019",65,550840,545999,1096839
"135","Netherlands","2019",70,501068,492006,993074
"136","Netherlands","2019",75,467968,445416,913384
"137","Netherlands","2019",80,323806,284920,608726
"138","Netherlands","2019",85,240960,181154,422114
"139","Netherlands","2019",90,158510,91558,250068
"140","Netherlands","2019",95,91381.98,35255.97,126637.95
"141","Norway","2019",0,26835,28556,55391
"142","Norway","2019",5,116176,123296,239472
"143","Norway","2019",10,155970,164083,320053
"144","Norway","2019",15,155981,164061,320042
"145","Norway","2019",20,155334,165165,320499
"146","Norway","2019",25,164895,176336,341231
"147","Norway","2019",30,181578,189610,371188
"148","Norway","2019",35,178708,186264,364972
"149","Norway","2019",40,170931,181466,352397
"150","Norway","2019",45,170461,179750,350211
"151","Norway","2019",50,184354,194074,378428
"152","Norway","2019",55,178097,187947,366044
"153","Norway","2019",60,159560,166140,325700
"154","Norway","2019",65,151153,152590,303743
"155","Norway","2019",70,136879,136125,273004
"156","Norway","2019",75,130391,125400,255791
"157","Norway","2019",80,87319,76728,164047
"158","Norway","2019",85,62110,47100,109210
"159","Norway","2019",90,44612,27209,71821
"160","Norway","2019",95,31795,13173,44968
"161","Portugal","2019",0,42743,44222,86965
"162","Portugal","2019",5,167706,175790,343496
"163","Portugal","2019",10,228539,238215,466754
"164","Portugal","2019",15,249639,260712,510351
"165","Portugal","2019",20,270414,282330,552744
"166","Portugal","2019",25,265978,272727,538705
"167","Portugal","2019",30,274710,272620,547330
"168","Portugal","2019",35,293745,282370,576115
"169","Portugal","2019",40,357170,328594,685764
"170","Portugal","2019",45,419405,381711,801116
"171","Portugal","2019",50,406993,368384,775377
"172","Portugal","2019",55,395886,354097,749983
"173","Portugal","2019",60,386514,342424,728938
"174","Portugal","2019",65,357656,311098,668754
"175","Portugal","2019",70,333878,284295,618173
"176","Portugal","2019",75,301711,236729,538440
"177","Portugal","2019",80,246993,179163,426156
"178","Portugal","2019",85,214396,136786,351182
"179","Portugal","2019",90,140857,74197,215054
"180","Portugal","2019",95,69318.09,25901.98,95220.07
"181","Spain","2019",0,180825,191164,371989
"182","Spain","2019",5,822450,873065,1695515
"183","Spain","2019",10,1141418,1215470,2356888
"184","Spain","2019",15,1213306,1292421,2505727
"185","Spain","2019",20,1129409,1202753,2332162
"186","Spain","2019",25,1118918,1169404,2288322
"187","Spain","2019",30,1251282,1273836,2525118
"188","Spain","2019",35,1406273,1395386,2801659
"189","Spain","2019",40,1719670,1716735,3436405
"190","Spain","2019",45,1969995,2014585,3984580
"191","Spain","2019",50,1887526,1924615,3812141
"192","Spain","2019",55,1824747,1815339,3640086
"193","Spain","2019",60,1661555,1611961,3273516
"194","Spain","2019",65,1445593,1361786,2807379
"195","Spain","2019",70,1258301,1147954,2406255
"196","Spain","2019",75,1176044,1011942,2187986
"197","Spain","2019",80,908113,722339,1630452
"198","Spain","2019",85,810037,553031,1363068
"199","Spain","2019",90,623153,357472,980625
"200","Spain","2019",95,379187.98,158002.08,537190.06
"201","Sweden","2019",0,56807,60032,116839
"202","Sweden","2019",5,236655,251004,487659
"203","Sweden","2019",10,300939,318534,619473
"204","Sweden","2019",15,289113,306645,595758
"205","Sweden","2019",20,265711,293802,559513
"206","Sweden","2019",25,286425,311168,597593
"207","Sweden","2019",30,360374,380948,741322
"208","Sweden","2019",35,335686,354455,690141
"209","Sweden","2019",40,312107,328012,640119
"210","Sweden","2019",45,311921,323915,635836
"211","Sweden","2019",50,324649,333690,658339
"212","Sweden","2019",55,338662,349187,687849
"213","Sweden","2019",60,296233,302734,598967
"214","Sweden","2019",65,282369,282697,565066
"215","Sweden","2019",70,277788,271523,549311
"216","Sweden","2019",75,288177,275471,563648
"217","Sweden","2019",80,209682,190937,400619
"218","Sweden","2019",85,146321,115206,261527
"219","Sweden","2019",90,99528,62775,162303
"220","Sweden","2019",95,68600,29703,98303
"221","Switzerland","2019",0,42048,44120,86168
"222","Switzerland","2019",5,171080,180632,351712
"223","Switzerland","2019",10,209297,221007,430304
"224","Switzerland","2019",15,202067,213495,415562
"225","Switzerland","2019",20,205936,219776,425712
"226","Switzerland","2019",25,234345,249100,483445
"227","Switzerland","2019",30,280334,288954,569288
"228","Switzerland","2019",35,300338,306152,606490
"229","Switzerland","2019",40,301305,307401,608706
"230","Switzerland","2019",45,290066,293717,583783
"231","Switzerland","2019",50,308700,311949,620649
"232","Switzerland","2019",55,332252,338894,671146
"233","Switzerland","2019",60,303032,307700,610732
"234","Switzerland","2019",65,252356,251173,503529
"235","Switzerland","2019",70,221435,206561,427996
"236","Switzerland","2019",75,209268,188848,398116
"237","Switzerland","2019",80,168111,139426,307537
"238","Switzerland","2019",85,128022,92810,220832
"239","Switzerland","2019",90,90198,52618,142816
"240","Switzerland","2019",95,57216.06,22788.02,80004.08
"241","Algeria","2020",0,2467456,2574062,5041518
"242","Algeria","2020",5,2269335,2366637,4635972
"243","Algeria","2020",10,1872109,1949293,3821402
"244","Algeria","2020",15,1425863,1484482,2910345
"245","Algeria","2020",20,1468812,1531025,2999837
"246","Algeria","2020",25,1761867,1812011,3573878
"247","Algeria","2020",30,1850199,1877520,3727719
"248","Algeria","2020",35,1764741,1782775,3547516
"249","Algeria","2020",40,1502809,1511220,3014029
"250","Algeria","2020",45,1220495,1214095,2434590
"251","Algeria","2020",50,1035144,1026740,2061884
"252","Algeria","2020",55,870269,867903,1738172
"253","Algeria","2020",60,684035,703307,1387342
"254","Algeria","2020",65,560160,583040,1143200
"255","Algeria","2020",70,364221,359717,723938
"256","Algeria","2020",75,272083,241813,513896
"257","Algeria","2020",80,185844,157783,343627
"258","Algeria","2020",85,90055,80994,171049
"259","Algeria","2020",90,26899,24471,51370
"260","Algeria","2020",95,4839,4920,9759
"261","Argentina","2020",0,1833225,1903426,3736651
"262","Argentina","2020",5,1820688,1889129,3709817
"263","Argentina","2020",10,1766041,1831221,3597262
"264","Argentina","2020",15,1739689,1799760,3539449
"265","Argentina","2020",20,1714597,1762738,3477335
"266","Argentina","2020",25,1745039,1775210,3520249
"267","Argentina","2020",30,1660236,1658744,3318980
"268","Argentina","2020",35,1572135,1550297,3122432
"269","Argentina","2020",40,1571745,1518156,3089901
"270","Argentina","2020",45,1359574,1278269,2637843
"271","Argentina","2020",50,1198262,1103469,2301731
"272","Argentina","2020",55,1119816,1003393,2123209
"273","Argentina","2020",60,1006668,877065,1883733
"274","Argentina","2020",65,899258,745751,1645009
"275","Argentina","2020",70,758347,578876,1337223
"276","Argentina","2020",75,577676,385738,963414
"277","Argentina","2020",80,406456,228228,634684
"278","Argentina","2020",85,251280,113405,364685
"279","Argentina","2020",90,114056,38290,152346
"280","Argentina","2020",95,31843,7981,39824
"281","Australia","2020",0,812208,857499,1669707
"282","Australia","2020",5,798241,841026,1639267
"283","Australia","2020",10,784728,825846,1610574
"284","Australia","2020",15,742431,777475,1519906
"285","Australia","2020",20,783346,811222,1594568
"286","Australia","2020",25,871181,909705,1780886
"287","Australia","2020",30,935876,939585,1875461
"288","Australia","2020",35,921292,921591,1842883
"289","Australia","2020",40,818343,810368,1628711
"290","Australia","2020",45,845813,831536,1677349
"291","Australia","2020",50,789390,768934,1558324
"292","Australia","2020",55,782011,767400,1549411
"293","Australia","2020",60,724814,693712,1418526
"294","Australia","2020",65,630854,601807,1232661
"295","Australia","2020",70,555787,527592,1083379
"296","Australia","2020",75,397186,365811,762997
"297","Australia","2020",80,281672,241273,522945
"298","Australia","2020",85,192294,136756,329050
"299","Australia","2020",90,100294,56263,156557
"300","Australia","2020",95,33495,13224,46719
"301","Austria","2020",0,217802,230364,448166
"302","Austria","2020",5,206020,219996,426016
"303","Austria","2020",10,205043,218795,423838
"304","Austria","2020",15,218866,233504,452370
"305","Austria","2020",20,245500,263261,508761
"306","Austria","2020",25,294550,312066,606616
"307","Austria","2020",30,304547,315827,620374
"308","Austria","2020",35,308423,314619,623042
"309","Austria","2020",40,281246,284438,565684
"310","Austria","2020",45,307276,305305,612581
"311","Austria","2020",50,356193,357250,713443
"312","Austria","2020",55,346719,346838,693557
"313","Austria","2020",60,297693,284670,582363
"314","Austria","2020",65,237002,213955,450957
"315","Austria","2020",70,219951,187337,407288
"316","Austria","2020",75,214616,168533,383149
"317","Austria","2020",80,153112,107116,260228
"318","Austria","2020",85,90259,52214,142473
"319","Austria","2020",90,47474,19835,67309
"320","Austria","2020",95,14417,3768,18185
"321","Bangladesh","2020",0,7007986,7320193,14328179
"322","Bangladesh","2020",5,7167474,7476957,14644431
"323","Bangladesh","2020",10,7381842,7707436,15089278
"324","Bangladesh","2020",15,7609850,7975294,15585144
"325","Bangladesh","2020",20,7496756,7742470,15239226
"326","Bangladesh","2020",25,7268120,7257687,14525807
"327","Bangladesh","2020",30,6984129,6778960,13763089
"328","Bangladesh","2020",35,6477367,6271177,12748544
"329","Bangladesh","2020",40,5671765,5553520,11225285
"330","Bangladesh","2020",45,4707604,4718381,9425985
"331","Bangladesh","2020",50,4040065,4264730,8304795
"332","Bangladesh","2020",55,3221413,3479495,6700908
"333","Bangladesh","2020",60,2128534,2371855,4500389
"334","Bangladesh","2020",65,1306839,1489609,2796448
"335","Bangladesh","2020",70,1150261,1206898,2357159
"336","Bangladesh","2020",75,883532,855121,1738653
"337","Bangladesh","2020",80,533685,487662,1021347
"338","Bangladesh","2020",85,265965,217066,483031
"339","Bangladesh","2020",90,98950,68178,167128
"340","Bangladesh","2020",95,28138,16419,44557
"341","Bolivia","2020",0,579535,605964,1185499
"342","Bolivia","2020",5,576763,602325,1179088
"343","Bolivia","2020",10,568242,592770,1161012
"344","Bolivia","2020",15,557073,579611,1136684
"345","Bolivia","2020",20,524085,541104,1065189
"346","Bolivia","2020",25,481351,492994,974345
"347","Bolivia","2020",30,432517,438428,870945
"348","Bolivia","2020",35,383096,385058,768154
"349","Bolivia","2020",40,334572,333313,667885
"350","Bolivia","2020",45,287248,283210,570458
"351","Bolivia","2020",50,243093,237469,480562
"352","Bolivia","2020",55,204984,198046,403030
"353","Bolivia","2020",60,172470,163721,336191
"354","Bolivia","2020",65,144891,134236,279127
"355","Bolivia","2020",70,118349,107091,225440
"356","Bolivia","2020",75,89556,76945,166501
"357","Bolivia","2020",80,59746,47160,106906
"358","Bolivia","2020",85,35052,24975,60027
"359","Bolivia","2020",90,16229,10304,26533
"360","Bolivia","2020",95,6158,3295,9453
"361","Brazil","2020",0,7070447,7404646,14475093
"362","Brazil","2020",5,7136977,7464840,14601817
"363","Brazil","2020",10,7319056,7623386,14942442
"364","Brazil","2020",15,7964694,8253310,16218004
"365","Brazil","2020",20,8466492,8685557,17152049
"366","Brazil","2020",25,8418590,8534004,16952594
"367","Brazil","2020",30,8576223,8571684,17147907
"368","Brazil","2020",35,8735133,8593722,17328855
"369","Brazil","2020",40,7956785,7704528,15661313
"370","Brazil","2020",45,7079054,6721639,13800693
"371","Brazil","2020",50,6651999,6170933,12822932
"372","Brazil","2020",55,6089814,5508456,11598270
"373","Brazil","2020",60,5044879,4423280,9468159
"374","Brazil","2020",65,4034221,3394482,7428703
"375","Brazil","2020",70,2957955,2351464,5309419
"376","Brazil","2020",75,2011193,1480939,3492132
"377","Brazil","2020",80,1395700,921508,2317208
"378","Brazil","2020",85,752233,423007,1175240
"379","Brazil","2020",90,349826,161001,510827
"380","Brazil","2020",95,112355,43397,155752
"381","Cameroon","2020",0,2037881,2077822,4115703
"382","Cameroon","2020",5,1848488,1881835,3730323
"383","Cameroon","2020",10,1647542,1672667,3320209
"384","Cameroon","2020",15,1420203,1436047,2856250
"385","Cameroon","2020",20,1206119,1213879,2419998
"386","Cameroon","2020",25,1064780,1067009,2131789
"387","Cameroon","2020",30,930208,930610,1860818
"388","Cameroon","2020",35,768732,770292,1539024
"389","Cameroon","2020",40,600746,602489,1203235
"390","Cameroon","2020",45,470252,468356,938608
"391","Cameroon","2020",50,368259,360872,729131
"392","Cameroon","2020",55,286649,272697,559346
"393","Cameroon","2020",60,219795,200605,420400
"394","Cameroon","2020",65,167533,145366,312899
"395","Cameroon","2020",70,115950,93962,209912
"396","Cameroon","2020",75,70169,52653,122822
"397","Cameroon","2020",80,33831,22958,56789
"398","Cameroon","2020",85,10149,6152,16301
"399","Cameroon","2020",90,1426,767,2193
"400","Cameroon","2020",95,77,37,114
"401","Canada","2020",0,972207,1020925,1993132
"402","Canada","2020",5,966024,1011765,1977789
"403","Canada","2020",10,968771,1014230,1983001
"404","Canada","2020",15,971038,1017281,1988319
"405","Canada","2020",20,1155236,1208233,2363469
"406","Canada","2020",25,1343606,1389541,2733147
"407","Canada","2020",30,1310409,1315956,2626365
"408","Canada","2020",35,1330404,1321892,2652296
"409","Canada","2020",40,1239077,1224232,2463309
"410","Canada","2020",45,1193687,1189671,2383358
"411","Canada","2020",50,1207497,1215983,2423480
"412","Canada","2020",55,1378179,1380774,2758953
"413","Canada","2020",60,1287326,1275239,2562565
"414","Canada","2020",65,1102782,1047397,2150179
"415","Canada","2020",70,925427,867426,1792853
"416","Canada","2020",75,657537,568286,1225823
"417","Canada","2020",80,458654,355943,814597
"418","Canada","2020",85,313372,205330,518702
"419","Canada","2020",90,169081,83600,252681
"420","Canada","2020",95,59665,18474,78139
"421","Chile","2020",0,570363,591860,1162223
"422","Chile","2020",5,621865,643991,1265856
"423","Chile","2020",10,614053,635584,1249637
"424","Chile","2020",15,611781,632461,1244242
"425","Chile","2020",20,690833,712076,1402909
"426","Chile","2020",25,783760,808869,1592629
"427","Chile","2020",30,760568,785253,1545821
"428","Chile","2020",35,692548,707035,1399583
"429","Chile","2020",40,661077,663019,1324096
"430","Chile","2020",45,632832,621476,1254308
"431","Chile","2020",50,619294,595301,1214595
"432","Chile","2020",55,587199,550477,1137676
"433","Chile","2020",60,514838,467461,982299
"434","Chile","2020",65,432902,376586,809488
"435","Chile","2020",70,317940,263359,581299
"436","Chile","2020",75,235874,175953,411827
"437","Chile","2020",80,166728,107532,274260
"438","Chile","2020",85,104882,57264,162146
"439","Chile","2020",90,53137,24091,77228
"440","Chile","2020",95,18066,6021,24087
"441","China","2020",0,39476105,44456332,83932437
"442","China","2020",5,40415039,46320144,86735183
"443","China","2020",10,38912828,45349923,84262751
"444","China","2020",15,38238737,44103122,82341859
"445","China","2020",20,40884302,46273865,87158167
"446","China","2020",25,46466160,51522843,97989003
"447","China","2020",30,62295742,66443228,128738970
"448","China","2020",35,48745948,51345507,100091455
"449","China","2020",40,46984787,49289359,96274146
"450","China","2020",45,58664268,61173349,119837617
"451","China","2020",50,61097362,62348020,123445382
"452","China","2020",55,48782446,49958045,98740491
"453","China","2020",60,38596854,38917285,77514139
"454","China","2020",65,37622978,36526788,74149766
"455","China","2020",70,23524526,21425163,44949689
"456","China","2020",75,14337340,12207276,26544616
"457","China","2020",80,9297788,6883629,16181417
"458","China","2020",85,4738693,2843084,7581777
"459","China","2020",90,1573796,731228,2305024
"460","China","2020",95,420735,129150,549885
"461","Dominican Republic","2020",0,491041,511788,1002829
"462","Dominican Republic","2020",5,488284,508235,996519
"463","Dominican Republic","2020",10,478988,498257,977245
"464","Dominican Republic","2020",15,470057,488573,958630
"465","Dominican Republic","2020",20,462350,477213,939563
"466","Dominican Republic","2020",25,456260,458494,914754
"467","Dominican Republic","2020",30,415916,409657,825573
"468","Dominican Republic","2020",35,366422,372387,738809
"469","Dominican Republic","2020",40,336561,331702,668263
"470","Dominican Republic","2020",45,307628,298598,606226
"471","Dominican Republic","2020",50,277336,264099,541435
"472","Dominican Republic","2020",55,243099,229801,472900
"473","Dominican Republic","2020",60,199918,188646,388564
"474","Dominican Republic","2020",65,152487,141088,293575
"475","Dominican Republic","2020",70,107760,96390,204150
"476","Dominican Republic","2020",75,73762,63588,137350
"477","Dominican Republic","2020",80,52296,42550,94846
"478","Dominican Republic","2020",85,29842,23065,52907
"479","Dominican Republic","2020",90,13464,9850,23314
"480","Dominican Republic","2020",95,6227,4225,10452
"481","Ecuador","2020",0,814607,852480,1667087
"482","Ecuador","2020",5,787672,822971,1610643
"483","Ecuador","2020",10,760867,794178,1555045
"484","Ecuador","2020",15,765542,795398,1560940
"485","Ecuador","2020",20,770693,795841,1566534
"486","Ecuador","2020",25,727724,741930,1469654
"487","Ecuador","2020",30,679034,684119,1363153
"488","Ecuador","2020",35,615341,614345,1229686
"489","Ecuador","2020",40,554097,544919,1099016
"490","Ecuador","2020",45,501771,487453,989224
"491","Ecuador","2020",50,440121,424183,864304
"492","Ecuador","2020",55,372034,354801,726835
"493","Ecuador","2020",60,310214,291420,601634
"494","Ecuador","2020",65,253078,233026,486104
"495","Ecuador","2020",70,173174,154896,328070
"496","Ecuador","2020",75,130493,111561,242054
"497","Ecuador","2020",80,84427,67833,152260
"498","Ecuador","2020",85,47230,35155,82385
"499","Ecuador","2020",90,21406,13671,35077
"500","Ecuador","2020",95,9708,3647,13355
"501","France","2020",0,1769564,1850423,3619987
"502","France","2020",5,1911573,1995914,3907487
"503","France","2020",10,1950961,2044727,3995688
"504","France","2020",15,1901843,1985946,3887789
"505","France","2020",20,1828067,1868952,3697019
"506","France","2020",25,1851937,1822073,3674010
"507","France","2020",30,2009584,1931949,3941533
"508","France","2020",35,2074165,1995352,4069517
"509","France","2020",40,1999757,1943640,3943397
"510","France","2020",45,2213131,2169139,4382270
"511","France","2020",50,2216970,2146431,4363401
"512","France","2020",55,2192447,2079209,4271656
"513","France","2020",60,2070457,1902791,3973248
"514","France","2020",65,2005687,1785851,3791538
"515","France","2020",70,1896420,1627196,3523616
"516","France","2020",75,1222283,981805,2204088
"517","France","2020",80,1071980,740347,1812327
"518","France","2020",85,854083,475731,1329814
"519","France","2020",90,470532,194367,664899
"520","France","2020",95,172876,47352,220228
"521","Germany","2020",0,1976336,2082343,4058679
"522","Germany","2020",5,1851880,1970345,3822225
"523","Germany","2020",10,1832305,1979340,3811645
"524","Germany","2020",15,1968750,2150221,4118971
"525","Germany","2020",20,2170940,2382496,4553436
"526","Germany","2020",25,2302127,2521798,4823925
"527","Germany","2020",30,2619021,2822844,5441865
"528","Germany","2020",35,2655700,2774455,5430155
"529","Germany","2020",40,2507865,2551802,5059667
"530","Germany","2020",45,2576014,2607670,5183684
"531","Germany","2020",50,3328288,3352933,6681221
"532","Germany","2020",55,3413966,3393206,6807172
"533","Germany","2020",60,2965997,2854706,5820703
"534","Germany","2020",65,2532358,2291081,4823439
"535","Germany","2020",70,2042707,1791116,3833823
"536","Germany","2020",75,2005707,1631884,3637591
"537","Germany","2020",80,1899975,1359119,3259094
"538","Germany","2020",85,1022253,612796,1635049
"539","Germany","2020",90,521588,236559,758147
"540","Germany","2020",95,174257,49197,223454
"541","Greece","2020",0,198284,211175,409459
"542","Greece","2020",5,228093,243575,471668
"543","Greece","2020",10,262836,279401,542237
"544","Greece","2020",15,257254,269364,526618
"545","Greece","2020",20,258966,270450,529416
"546","Greece","2020",25,251021,276779,527800
"547","Greece","2020",30,287614,310198,597812
"548","Greece","2020",35,361715,376988,738703
"549","Greece","2020",40,383856,396607,780463
"550","Greece","2020",45,396830,397116,793946
"551","Greece","2020",50,403434,392909,796343
"552","Greece","2020",55,366665,342686,709351
"553","Greece","2020",60,356447,320081,676528
"554","Greece","2020",65,311925,268709,580634
"555","Greece","2020",70,296795,252669,549464
"556","Greece","2020",75,223536,183083,406619
"557","Greece","2020",80,229478,164914,394392
"558","Greece","2020",85,155597,105159,260756
"559","Greece","2020",90,61478,43491,104969
"560","Greece","2020",95,15406,10472,25878
"561","India","2020",0,55651093,61228414,116879507
"562","India","2020",5,56104958,61877169,117982127
"563","India","2020",10,59853324,66302628,126155952
"564","India","2020",15,59374711,66670855,126045566
"565","India","2020",20,57638993,64865811,122504804
"566","India","2020",25,55357930,62039339,117397269
"567","India","2020",30,53301210,58874888,112176098
"568","India","2020",35,49466260,53993918,103460178
"569","India","2020",40,43588651,46631243,90219894
"570","India","2020",45,38683675,40756605,79440280
"571","India","2020",50,33673299,35202663,68875962
"572","India","2020",55,29105996,30150272,59256268
"573","India","2020",60,24195856,24694672,48890528
"574","India","2020",65,19092154,19168129,38260283
"575","India","2020",70,12463535,11627908,24091443
"576","India","2020",75,8020956,7062999,15083955
"577","India","2020",80,4657548,3831463,8489011
"578","India","2020",85,1955555,1575584,3531139
"579","India","2020",90,555797,437188,992985
"580","India","2020",95,161914,109222,271136
"581","Ireland","2020",0,152093,161560,313653
"582","Ireland","2020",5,174421,183869,358290
"583","Ireland","2020",10,174656,182055,356711
"584","Ireland","2020",15,153162,158874,312036
"585","Ireland","2020",20,143018,146666,289684
"586","Ireland","2020",25,136455,141198,277653
"587","Ireland","2020",30,156015,154931,310946
"588","Ireland","2020",35,198057,186925,384982
"589","Ireland","2020",40,202944,192610,395554
"590","Ireland","2020",45,185755,181919,367674
"591","Ireland","2020",50,156798,155399,312197
"592","Ireland","2020",55,145604,143132,288736
"593","Ireland","2020",60,126855,122993,249848
"594","Ireland","2020",65,117548,113389,230937
"595","Ireland","2020",70,101042,95764,196806
"596","Ireland","2020",75,69974,63883,133857
"597","Ireland","2020",80,48452,39656,88108
"598","Ireland","2020",85,26790,18940,45730
"599","Ireland","2020",90,12304,6086,18390
"600","Ireland","2020",95,4504,1500,6004
"601","Israel","2020",0,413202,434626,847828
"602","Israel","2020",5,400498,422770,823268
"603","Israel","2020",10,358769,378840,737609
"604","Israel","2020",15,324764,342690,667454
"605","Israel","2020",20,303852,320121,623973
"606","Israel","2020",25,279872,293130,573002
"607","Israel","2020",30,279304,285404,564708
"608","Israel","2020",35,278798,278739,557537
"609","Israel","2020",40,273338,270334,543672
"610","Israel","2020",45,250510,245995,496505
"611","Israel","2020",50,212038,205483,417521
"612","Israel","2020",55,194444,183531,377975
"613","Israel","2020",60,183871,166086,349957
"614","Israel","2020",65,188121,165565,353686
"615","Israel","2020",70,154276,134423,288699
"616","Israel","2020",75,93793,77168,170961
"617","Israel","2020",80,72517,51897,124414
"618","Israel","2020",85,51177,32673,83850
"619","Israel","2020",90,26033,14093,40126
"620","Israel","2020",95,8247,4549,12796
"621","Italy","2020",0,1127405,1197289,2324694
"622","Italy","2020",5,1295570,1374731,2670301
"623","Italy","2020",10,1387183,1470174,2857357
"624","Italy","2020",15,1391636,1484455,2876091
"625","Italy","2020",20,1415929,1526577,2942506
"626","Italy","2020",25,1535700,1625230,3160930
"627","Italy","2020",30,1662536,1702976,3365512
"628","Italy","2020",35,1808649,1824273,3632922
"629","Italy","2020",40,2096655,2092329,4188984
"630","Italy","2020",45,2431950,2401070,4833020
"631","Italy","2020",50,2487780,2420466,4908246
"632","Italy","2020",55,2384062,2274884,4658946
"633","Italy","2020",60,2050522,1903045,3953567
"634","Italy","2020",65,1851695,1679600,3531295
"635","Italy","2020",70,1805038,1586760,3391798
"636","Italy","2020",75,1454787,1182323,2637110
"637","Italy","2020",80,1344033,958360,2302393
"638","Italy","2020",85,893202,504059,1397261
"639","Italy","2020",90,453131,186608,639739
"640","Italy","2020",95,146640,42516,189156
"641","Mexico","2020",0,5353961,5604781,10958742
"642","Mexico","2020",5,5478805,5731706,11210511
"643","Mexico","2020",10,5448048,5692822,11140870
"644","Mexico","2020",15,5514580,5695013,11209593
"645","Mexico","2020",20,5434658,5505161,10939819
"646","Mexico","2020",25,5411644,5384130,10795774
"647","Mexico","2020",30,5041468,4748412,9789880
"648","Mexico","2020",35,4746361,4343789,9090150
"649","Mexico","2020",40,4502226,4029738,8531964
"650","Mexico","2020",45,4233025,3782769,8015794
"651","Mexico","2020",50,3688873,3236044,6924917
"652","Mexico","2020",55,3090563,2742491,5833054
"653","Mexico","2020",60,2500183,2169271,4669454
"654","Mexico","2020",65,1938297,1657202,3595499
"655","Mexico","2020",70,1340716,1125991,2466707
"656","Mexico","2020",75,947528,774478,1722006
"657","Mexico","2020",80,602438,456066,1058504
"658","Mexico","2020",85,361118,248866,609984
"659","Mexico","2020",90,168098,107034,275132
"660","Mexico","2020",95,58677,35722,94399
"661","New Zealand","2020",0,146564,154692,301256
"662","New Zealand","2020",5,152978,161050,314028
"663","New Zealand","2020",10,156370,165337,321707
"664","New Zealand","2020",15,148767,154479,303246
"665","New Zealand","2020",20,158120,166357,324477
"666","New Zealand","2020",25,168383,178375,346758
"667","New Zealand","2020",30,162979,161465,324444
"668","New Zealand","2020",35,153265,141357,294622
"669","New Zealand","2020",40,145220,133195,278415
"670","New Zealand","2020",45,164756,148703,313459
"671","New Zealand","2020",50,163187,148794,311981
"672","New Zealand","2020",55,163783,152927,316710
"673","New Zealand","2020",60,146025,135788,281813
"674","New Zealand","2020",65,124444,116055,240499
"675","New Zealand","2020",70,110490,103116,213606
"676","New Zealand","2020",75,78304,69922,148226
"677","New Zealand","2020",80,53904,43416,97320
"678","New Zealand","2020",85,32294,23029,55323
"679","New Zealand","2020",90,17167,10011,27178
"680","New Zealand","2020",95,5070,2095,7165
"681","Pakistan","2020",0,13453556,14509296,27962852
"682","Pakistan","2020",5,12273189,13226191,25499380
"683","Pakistan","2020",10,11296757,12154761,23451518
"684","Pakistan","2020",15,10532903,11443015,21975918
"685","Pakistan","2020",20,10030306,10741968,20772274
"686","Pakistan","2020",25,9337097,9820991,19158088
"687","Pakistan","2020",30,8221159,8597168,16818327
"688","Pakistan","2020",35,6853394,7144302,13997696
"689","Pakistan","2020",40,5692604,5922918,11615522
"690","Pakistan","2020",45,4728045,4905180,9633225
"691","Pakistan","2020",50,4054023,4176690,8230713
"692","Pakistan","2020",55,3405944,3485956,6891900
"693","Pakistan","2020",60,2613081,2666009,5279090
"694","Pakistan","2020",65,1801861,1821463,3623324
"695","Pakistan","2020",70,1333665,1372079,2705744
"696","Pakistan","2020",75,913614,939571,1853185
"697","Pakistan","2020",80,466969,494894,961863
"698","Pakistan","2020",85,171740,193109,364849
"699","Pakistan","2020",90,36341,48962,85303
"700","Pakistan","2020",95,4076,7484,11560
"701","Panama","2020",0,190263,199050,389313
"702","Panama","2020",5,188074,196392,384466
"703","Panama","2020",10,180822,188589,369411
"704","Panama","2020",15,175437,181761,357198
"705","Panama","2020",20,172474,176589,349063
"706","Panama","2020",25,163390,165802,329192
"707","Panama","2020",30,157818,159313,317131
"708","Panama","2020",35,149904,151560,301464
"709","Panama","2020",40,143892,144232,288124
"710","Panama","2020",45,134387,133884,268271
"711","Panama","2020",50,118129,116515,234644
"712","Panama","2020",55,100706,97629,198335
"713","Panama","2020",60,82042,77685,159727
"714","Panama","2020",65,64068,58837,122905
"715","Panama","2020",70,48444,43175,91619
"716","Panama","2020",75,35646,30543,66189
"717","Panama","2020",80,24336,19680,44016
"718","Panama","2020",85,14602,11130,25732
"719","Panama","2020",90,7197,5213,12410
"720","Panama","2020",95,3257,2301,5558
"721","Peru","2020",0,1383397,1449868,2833265
"722","Peru","2020",5,1302683,1309452,2612135
"723","Peru","2020",10,1370496,1325559,2696055
"724","Peru","2020",15,1256814,1181735,2438549
"725","Peru","2020",20,1399118,1208975,2608093
"726","Peru","2020",25,1406343,1361349,2767692
"727","Peru","2020",30,1320411,1372968,2693379
"728","Peru","2020",35,1228709,1309074,2537783
"729","Peru","2020",40,1120269,1180561,2300830
"730","Peru","2020",45,997909,1047925,2045834
"731","Peru","2020",50,892086,900044,1792130
"732","Peru","2020",55,763847,757902,1521749
"733","Peru","2020",60,630354,617118,1247472
"734","Peru","2020",65,527783,501384,1029167
"735","Peru","2020",70,379331,352748,732079
"736","Peru","2020",75,279578,243752,523330
"737","Peru","2020",80,184203,161173,345376
"738","Peru","2020",85,103410,71136,174546
"739","Peru","2020",90,36747,21842,58589
"740","Peru","2020",95,9752,4041,13793
"741","Philippines","2020",0,5165709,5450633,10616342
"742","Philippines","2020",5,5551880,5846072,11397952
"743","Philippines","2020",10,5328550,5578251,10906801
"744","Philippines","2020",15,5055235,5407659,10462894
"745","Philippines","2020",20,4912579,5191755,10104334
"746","Philippines","2020",25,4672169,4807611,9479780
"747","Philippines","2020",30,4080419,4166778,8247197
"748","Philippines","2020",35,3610181,3644549,7254730
"749","Philippines","2020",40,3254622,3297341,6551963
"750","Philippines","2020",45,2875542,2883722,5759264
"751","Philippines","2020",50,2578054,2538943,5116997
"752","Philippines","2020",55,2174061,2075862,4249923
"753","Philippines","2020",60,1778415,1614771,3393186
"754","Philippines","2020",65,1348668,1137017,2485685
"755","Philippines","2020",70,951813,709616,1661429
"756","Philippines","2020",75,597110,381080,978190
"757","Philippines","2020",80,378173,202363,580536
"758","Philippines","2020",85,165698,75335,241033
"759","Philippines","2020",90,59191,16873,76064
"760","Philippines","2020",95,14191,2594,16785
"761","Romania","2020",0,456823,482783,939606
"762","Romania","2020",5,469158,496283,965441
"763","Romania","2020",10,525496,555265,1080761
"764","Romania","2020",15,483242,511303,994545
"765","Romania","2020",20,487348,522529,1009877
"766","Romania","2020",25,513762,562625,1076387
"767","Romania","2020",30,666993,729163,1396156
"768","Romania","2020",35,576438,613306,1189744
"769","Romania","2020",40,750129,773368,1523497
"770","Romania","2020",45,740160,762811,1502971
"771","Romania","2020",50,764424,761724,1526148
"772","Romania","2020",55,537371,505639,1043010
"773","Romania","2020",60,693885,596075,1289960
"774","Romania","2020",65,697965,548023,1245988
"775","Romania","2020",70,541939,385519,927458
"776","Romania","2020",75,370577,232234,602811
"777","Romania","2020",80,353460,183530,536990
"778","Romania","2020",85,181296,93316,274612
"779","Romania","2020",90,61734,31959,93693
"780","Romania","2020",95,11570,6457,18027
"781","South Africa","2020",0,2845952,2918993,5764945
"782","South Africa","2020",5,2877308,2943352,5820660
"783","South Africa","2020",10,2721342,2774621,5495963
"784","South Africa","2020",15,2440831,2472380,4913211
"785","South Africa","2020",20,2447270,2476821,4924091
"786","South Africa","2020",25,2588762,2628636,5217398
"787","South Africa","2020",30,2664079,2710031,5374110
"788","South Africa","2020",35,2377613,2403602,4781215
"789","South Africa","2020",40,1917268,1892772,3810040
"790","South Africa","2020",45,1655021,1578214,3233235
"791","South Africa","2020",50,1401326,1290806,2692132
"792","South Africa","2020",55,1183834,1035566,2219400
"793","South Africa","2020",60,990310,804405,1794715
"794","South Africa","2020",65,784770,584956,1369726
"795","South Africa","2020",70,535895,359322,895217
"796","South Africa","2020",75,367665,213173,580838
"797","South Africa","2020",80,202849,95571,298420
"798","South Africa","2020",85,75492,28462,103954
"799","South Africa","2020",90,14023,4071,18094
"800","South Africa","2020",95,1068,258,1326
"801","South Korea","2020",0,922711,974300,1897011
"802","South Korea","2020",5,1098051,1158751,2256802
"803","South Korea","2020",10,1101938,1174844,2276782
"804","South Korea","2020",15,1187207,1289269,2476476
"805","South Korea","2020",20,1533115,1683129,3216244
"806","South Korea","2020",25,1629191,1870859,3500050
"807","South Korea","2020",30,1548938,1733487,3282425
"808","South Korea","2020",35,1822801,1974613,3797414
"809","South Korea","2020",40,1909121,2015813,3924934
"810","South Korea","2020",45,2107488,2186422,4293910
"811","South Korea","2020",50,2147031,2168485,4315516
"812","South Korea","2020",55,2078609,2082574,4161183
"813","South Korea","2020",60,1918662,1855904,3774566
"814","South Korea","2020",65,1391279,1287861,2679140
"815","South Korea","2020",70,1068270,929821,1998091
"816","South Korea","2020",75,897655,664900,1562555
"817","South Korea","2020",80,679943,403886,1083829
"818","South Korea","2020",85,379182,160921,540103
"819","South Korea","2020",90,143170,41739,184909
"820","South Korea","2020",95,38967,8276,47243
"821","USA","2020",0,9621269,10055063,19676332
"822","USA","2020",5,9798759,10246393,20045152
"823","USA","2020",10,10311974,10777513,21089487
"824","USA","2020",15,10408587,10834321,21242908
"825","USA","2020",20,10936013,11322732,22258745
"826","USA","2020",25,11690875,12144455,23835330
"827","USA","2020",30,11349965,11702514,23052479
"828","USA","2020",35,10756920,10858871,21615791
"829","USA","2020",40,10176017,10118582,20294599
"830","USA","2020",45,10084699,9969099,20053798
"831","USA","2020",50,10258272,10319535,20577807
"832","USA","2020",55,10840205,10702065,21542270
"833","USA","2020",60,10619257,10049886,20669143
"834","USA","2020",65,9353753,8465274,17819027
"835","USA","2020",70,7709344,6645519,14354863
"836","USA","2020",75,5400748,4326986,9727734
"837","USA","2020",80,3655579,2805623,6461202
"838","USA","2020",85,2372445,1538659,3911104
"839","USA","2020",90,1348005,703131,2051136
"840","USA","2020",95,523945,199795,723740
