"","Country","Year","Age","Female","Male","Total"
"1","Belgium","2017",0,59474,62381,121855
"2","Belgium","2017",5,249037,261020,510057
"3","Belgium","2017",10,326382,342080,668462
"4","Belgium","2017",15,308128,322915,631043
"5","Belgium","2017",20,309290,325431,634721
"6","Belgium","2017",25,336075,348683,684758
"7","Belgium","2017",30,369583,372726,742309
"8","Belgium","2017",35,364515,366762,731277
"9","Belgium","2017",40,372619,377326,749945
"10","Belgium","2017",45,365090,374370,739460
"11","Belgium","2017",50,388659,399283,787942
"12","Belgium","2017",55,404855,413716,818571
"13","Belgium","2017",60,388026,386199,774225
"14","Belgium","2017",65,348949,337988,686937
"15","Belgium","2017",70,314410,294871,609281
"16","Belgium","2017",75,254699,224365,479064
"17","Belgium","2017",80,212206,167230,379436
"18","Belgium","2017",85,189002,127680,316682
"19","Belgium","2017",90,134001.49,71507.6,205509.09
"20","Belgium","2017",95,77288.57,28379.34,105667.91
"21","Czechia","2017",0,54787,57757,112544
"22","Czechia","2017",5,215647,226643,442290
"23","Czechia","2017",10,289609,303559,593168
"24","Czechia","2017",15,242584,256689,499273
"25","Czechia","2017",20,223242,235431,458673
"26","Czechia","2017",25,270493,283208,553701
"27","Czechia","2017",30,335210,350383,685593
"28","Czechia","2017",35,354183,376224,730407
"29","Czechia","2017",40,411784,436905,848689
"30","Czechia","2017",45,444616,469722,914338
"31","Czechia","2017",50,347702,365300,713002
"32","Czechia","2017",55,342292,352551,694843
"33","Czechia","2017",60,317249,314173,631422
"34","Czechia","2017",65,369558,342397,711955
"35","Czechia","2017",70,372068,319288,691356
"36","Czechia","2017",75,300627,232026,532653
"37","Czechia","2017",80,202476,137596,340072
"38","Czechia","2017",85,146129,83098,229227
"39","Czechia","2017",90,94723.34,43573.88,138297.22
"40","Czechia","2017",95,43152.58,14167.04,57319.62
"41","Denmark","2017",0,30054,31971,62025
"42","Denmark","2017",5,114829,121209,236038
"43","Denmark","2017",10,159967,168476,328443
"44","Denmark","2017",15,163401,171661,335062
"45","Denmark","2017",20,170361,178989,349350
"46","Denmark","2017",25,191188,200134,391322
"47","Denmark","2017",30,183135,190982,374117
"48","Denmark","2017",35,162239,168307,330546
"49","Denmark","2017",40,170741,172682,343423
"50","Denmark","2017",45,193540,194331,387871
"51","Denmark","2017",50,195034,198807,393841
"52","Denmark","2017",55,207912,211581,419493
"53","Denmark","2017",60,181030,181180,362210
"54","Denmark","2017",65,171723,168133,339856
"55","Denmark","2017",70,169882,162414,332296
"56","Denmark","2017",75,161669,150619,312288
"57","Denmark","2017",80,108267,92600,200867
"58","Denmark","2017",85,74391,55736,130127
"59","Denmark","2017",90,46982,28226,75208
"60","Denmark","2017",95,32224,12142,44366
"61","England","2017",0,338257.18,355815.18,694072.36
"62","England","2017",5,1381657.66,1454019.56,2835677.22
"63","England","2017",10,1759742.03,1846125.68,3605867.71
"64","England","2017",15,1585650.24,1663249.72,3248899.96
"65","England","2017",20,1591852.81,1672713.84,3264566.65
"66","England","2017",25,1768234.72,1858240.92,3626475.64
"67","England","2017",30,1953473.41,1992351.97,3945825.38
"68","England","2017",35,1952570.38,1944997.53,3897567.91
"69","England","2017",40,1884882.3,1870018.5,3754900.8
"70","England","2017",45,1833911.33,1811771.96,3645683.29
"71","England","2017",50,2053603.15,2003374.27,4056977.42
"72","England","2017",55,2076038.8,2018482.89,4094521.69
"73","England","2017",60,1831198.97,1789501.46,3620700.43
"74","England","2017",65,1594724.58,1534228.59,3128953.17
"75","England","2017",70,1620052.41,1524807.75,3144860.16
"76","England","2017",75,1380992,1267176.04,2648168.04
"77","England","2017",80,1032939.92,884038.54,1916978.46
"78","England","2017",85,812306.91,627353.62,1439660.53
"79","England","2017",90,549323.76,348198.88,897522.64
"80","England","2017",95,360198.01,158375.99,518574
"81","Finland","2017",0,26159,26996,53155
"82","Finland","2017",5,114337,120045,234382
"83","Finland","2017",10,150987,157910,308897
"84","Finland","2017",15,145625,152119,297744
"85","Finland","2017",20,145470,153194,298664
"86","Finland","2017",25,163243,171797,335040
"87","Finland","2017",30,169295,178544,347839
"88","Finland","2017",35,172559,184004,356563
"89","Finland","2017",40,168331,178273,346604
"90","Finland","2017",45,157901,166845,324746
"91","Finland","2017",50,167853,171965,339818
"92","Finland","2017",55,185371,187364,372735
"93","Finland","2017",60,184207,181217,365424
"94","Finland","2017",65,190327,181384,371711
"95","Finland","2017",70,194747,180472,375219
"96","Finland","2017",75,146901,128014,274915
"97","Finland","2017",80,119720,92022,211742
"98","Finland","2017",85,88021,57201,145222
"99","Finland","2017",90,63949,31512,95461
"100","Finland","2017",95,35938,11450,47388
"101","Japan","2017",0,475362.75,501386.96,976749.71
"102","Japan","2017",5,1907304.43,1995761.43,3903065.86
"103","Japan","2017",10,2552293.51,2681678.05,5233971.56
"104","Japan","2017",15,2657285.13,2788079.97,5445365.1
"105","Japan","2017",20,2886602.8,3051348.85,5937951.65
"106","Japan","2017",25,2874123.02,3029421.08,5903544.1
"107","Japan","2017",30,2985345.76,3111125.8,6096471.56
"108","Japan","2017",35,3437155.48,3559657.17,6996812.65
"109","Japan","2017",40,3865930.89,4001919.21,7867850.1
"110","Japan","2017",45,4663296.17,4819804.43,9483100.6
"111","Japan","2017",50,4522275.02,4648098.41,9170373.43
"112","Japan","2017",55,3892946.18,3951351.85,7844298.03
"113","Japan","2017",60,3741633.11,3730437.14,7472070.25
"114","Japan","2017",65,4058618.45,3947223.19,8005841.64
"115","Japan","2017",70,5231302.69,4903406.19,10134708.88
"116","Japan","2017",75,3977703.57,3479435.84,7457139.41
"117","Japan","2017",80,3632587.47,2920199.34,6552786.81
"118","Japan","2017",85,3088378,2104880.47,5193258.47
"119","Japan","2017",90,2156354.4,1129303.67,3285658.07
"120","Japan","2017",95,1501917.96,464625.51,1966543.47
"121","Netherlands","2017",0,83861,88427,172288
"122","Netherlands","2017",5,341276,358725,700001
"123","Netherlands","2017",10,453587,475593,929180
"124","Netherlands","2017",15,478454,501845,980299
"125","Netherlands","2017",20,505117,530288,1035405
"126","Netherlands","2017",25,523839,542404,1066243
"127","Netherlands","2017",30,538064,552023,1090087
"128","Netherlands","2017",35,512458,519664,1032122
"129","Netherlands","2017",40,509522,508665,1018187
"130","Netherlands","2017",45,539491,534389,1073880
"131","Netherlands","2017",50,639328,643263,1282591
"132","Netherlands","2017",55,636712,644905,1281617
"133","Netherlands","2017",60,595535,596070,1191605
"134","Netherlands","2017",65,535976,532366,1068342
"135","Netherlands","2017",70,511885,503756,1015641
"136","Netherlands","2017",75,414994,392865,807859
"137","Netherlands","2017",80,307610,264275,571885
"138","Netherlands","2017",85,234068,168051,402119
"139","Netherlands","2017",90,154400.73,85198.36,239599.09
"140","Netherlands","2017",95,90110.65,32237.7,122348.35
"141","Norway","2017",0,28685,30650,59335
"142","Norway","2017",5,118951,125207,244158
"143","Norway","2017",10,157062,165749,322811
"144","Norway","2017",15,152249,159157,311406
"145","Norway","2017",20,157060,167960,325020
"146","Norway","2017",25,165743,177559,343302
"147","Norway","2017",30,180859,187079,367938
"148","Norway","2017",35,172234,182649,354883
"149","Norway","2017",40,167065,178077,345142
"150","Norway","2017",45,176108,186902,363010
"151","Norway","2017",50,184418,194302,378720
"152","Norway","2017",55,170752,180770,351522
"153","Norway","2017",60,156456,162575,319031
"154","Norway","2017",65,148103,149114,297217
"155","Norway","2017",70,136749,136705,273454
"156","Norway","2017",75,118995,113064,232059
"157","Norway","2017",80,80077,68252,148329
"158","Norway","2017",85,60266,44336,104602
"159","Norway","2017",90,45274,26499,71773
"160","Norway","2017",95,32078,12539,44617
"161","Portugal","2017",0,42316,44759,87075
"162","Portugal","2017",5,166212,174957,341169
"163","Portugal","2017",10,239685,250319,490004
"164","Portugal","2017",15,255811,268357,524168
"165","Portugal","2017",20,273137,285028,558165
"166","Portugal","2017",25,265609,272947,538556
"167","Portugal","2017",30,275467,276452,551919
"168","Portugal","2017",35,314611,300227,614838
"169","Portugal","2017",40,380557,350696,731253
"170","Portugal","2017",45,423942,387780,811722
"171","Portugal","2017",50,396311,362673,758984
"172","Portugal","2017",55,398173,358709,756882
"173","Portugal","2017",60,377007,337798,714805
"174","Portugal","2017",65,349242,304151,653393
"175","Portugal","2017",70,327471,279324,606795
"176","Portugal","2017",75,286597,223647,510244
"177","Portugal","2017",80,247797,178883,426680
"178","Portugal","2017",85,213101,134204,347305
"179","Portugal","2017",90,126887.31,66417.73,193305.04
"180","Portugal","2017",95,68637.12,26031.86,94668.98
"181","Spain","2017",0,199294,210606,409900
"182","Spain","2017",5,843819,896924,1740743
"183","Spain","2017",10,1189535,1269088,2458623
"184","Spain","2017",15,1162536,1233379,2395915
"185","Spain","2017",20,1077899,1145115,2223014
"186","Spain","2017",25,1107591,1153358,2260949
"187","Spain","2017",30,1253877,1264891,2518768
"188","Spain","2017",35,1485154,1476628,2961782
"189","Spain","2017",40,1840995,1876443,3717438
"190","Spain","2017",45,1947408,2013703,3961111
"191","Spain","2017",50,1852964,1890130,3743094
"192","Spain","2017",55,1766518,1758470,3524988
"193","Spain","2017",60,1599521,1552325,3151846
"194","Spain","2017",65,1355869,1281367,2637236
"195","Spain","2017",70,1241726,1128893,2370619
"196","Spain","2017",75,1105143,950699,2055842
"197","Spain","2017",80,860196,673917,1534113
"198","Spain","2017",85,863378,585833,1449211
"199","Spain","2017",90,587358.85,330582.51,917941.36
"200","Spain","2017",95,349735.11,140067.57,489802.68
"201","Sweden","2017",0,58018,61005,119023
"202","Sweden","2017",5,231631,246387,478018
"203","Sweden","2017",10,291852,309001,600853
"204","Sweden","2017",15,273831,289269,563100
"205","Sweden","2017",20,253037,276575,529612
"206","Sweden","2017",25,309158,331021,640179
"207","Sweden","2017",30,346470,365217,711687
"208","Sweden","2017",35,310855,330321,641176
"209","Sweden","2017",40,301728,315589,617317
"210","Sweden","2017",45,318411,329405,647816
"211","Sweden","2017",50,324719,334272,658991
"212","Sweden","2017",55,327818,338866,666684
"213","Sweden","2017",60,288606,292812,581418
"214","Sweden","2017",65,281260,281162,562422
"215","Sweden","2017",70,290492,282774,573266
"216","Sweden","2017",75,275338,264573,539911
"217","Sweden","2017",80,189018,167768,356786
"218","Sweden","2017",85,140113,106917,247030
"219","Sweden","2017",90,101299,61438,162737
"220","Sweden","2017",95,68130.99,28953,97083.99
"221","Switzerland","2017",0,42131,44165,86296
"222","Switzerland","2017",5,166680,177139,343819
"223","Switzerland","2017",10,204558,215898,420456
"224","Switzerland","2017",15,196981,207439,404420
"225","Switzerland","2017",20,210497,225978,436475
"226","Switzerland","2017",25,241449,254086,495535
"227","Switzerland","2017",30,280238,288343,568581
"228","Switzerland","2017",35,294810,301290,596100
"229","Switzerland","2017",40,292197,298142,590339
"230","Switzerland","2017",45,289994,294236,584230
"231","Switzerland","2017",50,320405,324274,644679
"232","Switzerland","2017",55,329849,339192,669041
"233","Switzerland","2017",60,285698,290114,575812
"234","Switzerland","2017",65,242177,238531,480708
"235","Switzerland","2017",70,222276,208092,430368
"236","Switzerland","2017",75,202047,182193,384240
"237","Switzerland","2017",80,155874,126025,281899
"238","Switzerland","2017",85,126390,88581,214971
"239","Switzerland","2017",90,87677.08,48702.24,136379.32
"240","Switzerland","2017",95,54031.98,20908.78,74940.76
"241","Algeria","2017",0,2276948,2376868,4653816
"242","Algeria","2017",5,1876091,1954574,3830665
"243","Algeria","2017",10,1430244,1490203,2920447
"244","Algeria","2017",15,1476198,1541126,3017324
"245","Algeria","2017",20,1771707,1826115,3597822
"246","Algeria","2017",25,1861090,1892293,3753383
"247","Algeria","2017",30,1776880,1797623,3574503
"248","Algeria","2017",35,1516042,1526278,3042320
"249","Algeria","2017",40,1234867,1230214,2465081
"250","Algeria","2017",45,1051924,1046649,2098573
"251","Algeria","2017",50,890264,893482,1783746
"252","Algeria","2017",55,708044,736107,1444151
"253","Algeria","2017",60,591024,625659,1216683
"254","Algeria","2017",65,397563,402118,799681
"255","Algeria","2017",70,318195,291628,609823
"256","Algeria","2017",75,248631,217630,466261
"257","Algeria","2017",80,152345,138800,291145
"258","Algeria","2017",85,65169,57485,122654
"259","Algeria","2017",90,17233,15672,32905
"260","Algeria","2017",95,3670,3367,7037
"261","Argentina","2017",0,1822773,1891834,3714607
"262","Argentina","2017",5,1767440,1833101,3600541
"263","Argentina","2017",10,1740807,1803860,3544667
"264","Argentina","2017",15,1715767,1772868,3488635
"265","Argentina","2017",20,1746835,1787282,3534117
"266","Argentina","2017",25,1663577,1670208,3333785
"267","Argentina","2017",30,1577655,1562516,3140171
"268","Argentina","2017",35,1580666,1533678,3114344
"269","Argentina","2017",40,1372602,1297799,2670401
"270","Argentina","2017",45,1216798,1131592,2348390
"271","Argentina","2017",50,1146637,1048597,2195234
"272","Argentina","2017",55,1043578,942417,1985995
"273","Argentina","2017",60,949178,833869,1783047
"274","Argentina","2017",65,824015,685959,1509974
"275","Argentina","2017",70,661678,498431,1160109
"276","Argentina","2017",75,516326,341298,857624
"277","Argentina","2017",80,385157,214327,599484
"278","Argentina","2017",85,237144,102058,339202
"279","Argentina","2017",90,93986,31455,125441
"280","Argentina","2017",95,23647,6001,29648
"281","Australia","2017",0,761206,803139,1564345
"282","Australia","2017",5,743948,786535,1530483
"283","Australia","2017",10,692615,732771,1425386
"284","Australia","2017",15,726463,763751,1490214
"285","Australia","2017",20,816258,865924,1682182
"286","Australia","2017",25,889150,901325,1790475
"287","Australia","2017",30,886555,891566,1778121
"288","Australia","2017",35,797854,792466,1590320
"289","Australia","2017",40,837893,826388,1664281
"290","Australia","2017",45,791565,774701,1566266
"291","Australia","2017",50,789108,780104,1569212
"292","Australia","2017",55,736538,713018,1449556
"293","Australia","2017",60,647507,629071,1276578
"294","Australia","2017",65,580742,567327,1148069
"295","Australia","2017",70,429012,413963,842975
"296","Australia","2017",75,326123,302297,628420
"297","Australia","2017",80,259187,207977,467164
"298","Australia","2017",85,181710,120446,302156
"299","Australia","2017",90,89371,44822,134193
"300","Australia","2017",95,24339,7764,32103
"301","Austria","2017",0,197428,209588,407016
"302","Austria","2017",5,195581,206449,402030
"303","Austria","2017",10,203322,213059,416381
"304","Austria","2017",15,222244,234570,456814
"305","Austria","2017",20,269666,281956,551622
"306","Austria","2017",25,284832,291641,576473
"307","Austria","2017",30,295077,298567,593644
"308","Austria","2017",35,272570,274593,547163
"309","Austria","2017",40,302104,300547,602651
"310","Austria","2017",45,354598,357870,712468
"311","Austria","2017",50,348848,353532,702380
"312","Austria","2017",55,303265,296526,599791
"313","Austria","2017",60,245513,229615,475128
"314","Austria","2017",65,232975,208952,441927
"315","Austria","2017",70,235087,197995,433082
"316","Austria","2017",75,181512,140528,322040
"317","Austria","2017",80,129296,86163,215459
"318","Austria","2017",85,97766,48807,146573
"319","Austria","2017",90,49716,15581,65297
"320","Austria","2017",95,8611,2117,10728
"321","Bangladesh","2017",0,7188770,7504370,14693140
"322","Bangladesh","2017",5,7430525,7744060,15174585
"323","Bangladesh","2017",10,7773843,8107249,15881092
"324","Bangladesh","2017",15,7628808,7981862,15610670
"325","Bangladesh","2017",20,7280451,7460263,14740714
"326","Bangladesh","2017",25,7060356,6933917,13994273
"327","Bangladesh","2017",30,6607413,6420546,13027959
"328","Bangladesh","2017",35,5807433,5679303,11486736
"329","Bangladesh","2017",40,4887241,4867399,9754640
"330","Bangladesh","2017",45,4216325,4446075,8662400
"331","Bangladesh","2017",50,3390863,3690221,7081084
"332","Bangladesh","2017",55,2327643,2614161,4941804
"333","Bangladesh","2017",60,1508419,1724453,3232872
"334","Bangladesh","2017",65,1370005,1482589,2852594
"335","Bangladesh","2017",70,1104120,1150740,2254860
"336","Bangladesh","2017",75,739530,754902,1494432
"337","Bangladesh","2017",80,437771,419441,857212
"338","Bangladesh","2017",85,202384,175396,377780
"339","Bangladesh","2017",90,63297,50571,113868
"340","Bangladesh","2017",95,13933,9639,23572
"341","Bolivia","2017",0,584787,611852,1196639
"342","Bolivia","2017",5,573825,598869,1172694
"343","Bolivia","2017",10,564578,588419,1152997
"344","Bolivia","2017",15,533930,555015,1088945
"345","Bolivia","2017",20,491092,507807,998899
"346","Bolivia","2017",25,440903,451318,892221
"347","Bolivia","2017",30,390500,396552,787052
"348","Bolivia","2017",35,341622,344234,685856
"349","Bolivia","2017",40,294220,293852,588072
"350","Bolivia","2017",45,250347,247618,497965
"351","Bolivia","2017",50,212046,207666,419712
"352","Bolivia","2017",55,180096,174094,354190
"353","Bolivia","2017",60,154228,145892,300120
"354","Bolivia","2017",65,128907,120325,249232
"355","Bolivia","2017",70,101701,92076,193777
"356","Bolivia","2017",75,72566,61365,133931
"357","Bolivia","2017",80,49326,38460,87786
"358","Bolivia","2017",85,27334,19396,46730
"359","Bolivia","2017",90,10907,6867,17774
"360","Bolivia","2017",95,3373,1767,5140
"361","Brazil","2017",0,7147350,7480101,14627451
"362","Brazil","2017",5,7325957,7634283,14960240
"363","Brazil","2017",10,7972350,8284209,16256559
"364","Brazil","2017",15,8477857,8775962,17253819
"365","Brazil","2017",20,8434429,8637815,17072244
"366","Brazil","2017",25,8602303,8675545,17277848
"367","Brazil","2017",30,8779040,8718052,17497092
"368","Brazil","2017",35,8016361,7843898,15860259
"369","Brazil","2017",40,7161717,6883918,14045635
"370","Brazil","2017",45,6772503,6383618,13156121
"371","Brazil","2017",50,6250650,5780368,12031018
"372","Brazil","2017",55,5249358,4741856,9991214
"373","Brazil","2017",60,4289234,3768616,8057850
"374","Brazil","2017",65,3247420,2736132,5983552
"375","Brazil","2017",70,2330854,1849073,4179927
"376","Brazil","2017",75,1765996,1292842,3058838
"377","Brazil","2017",80,1087294,701679,1788973
"378","Brazil","2017",85,611083,335323,946406
"379","Brazil","2017",90,228311,107303,335614
"380","Brazil","2017",95,64176,26923,91099
"381","Cameroon","2017",0,1892073,1929909,3821982
"382","Cameroon","2017",5,1665436,1692497,3357933
"383","Cameroon","2017",10,1435381,1453482,2888863
"384","Cameroon","2017",15,1225573,1238184,2463757
"385","Cameroon","2017",20,1088251,1094068,2182319
"386","Cameroon","2017",25,955164,956675,1911839
"387","Cameroon","2017",30,793110,795411,1588521
"388","Cameroon","2017",35,623606,626301,1249907
"389","Cameroon","2017",40,491225,491310,982535
"390","Cameroon","2017",45,388578,384548,773126
"391","Cameroon","2017",50,307383,297150,604533
"392","Cameroon","2017",55,242132,226320,468452
"393","Cameroon","2017",60,194265,174448,368713
"394","Cameroon","2017",65,147020,124650,271670
"395","Cameroon","2017",70,103272,82523,185795
"396","Cameroon","2017",75,64511,47487,111998
"397","Cameroon","2017",80,30297,20033,50330
"398","Cameroon","2017",85,8918,5221,14139
"399","Cameroon","2017",90,1231,630,1861
"400","Cameroon","2017",95,70,33,103
"401","Canada","2017",0,950252,996168,1946420
"402","Canada","2017",5,955845,1002283,1958128
"403","Canada","2017",10,901601,955049,1856650
"404","Canada","2017",15,1034682,1097332,2132014
"405","Canada","2017",20,1232517,1284199,2516716
"406","Canada","2017",25,1230147,1236929,2467076
"407","Canada","2017",30,1278363,1269189,2547552
"408","Canada","2017",35,1207768,1192192,2399960
"409","Canada","2017",40,1177793,1174320,2352113
"410","Canada","2017",45,1204356,1216076,2420432
"411","Canada","2017",50,1388633,1400008,2788641
"412","Canada","2017",55,1309444,1311348,2620792
"413","Canada","2017",60,1137271,1099315,2236586
"414","Canada","2017",65,975544,941078,1916622
"415","Canada","2017",70,718972,652110,1371082
"416","Canada","2017",75,536404,452242,988646
"417","Canada","2017",80,423543,319415,742958
"418","Canada","2017",85,303137,186665,489802
"419","Canada","2017",90,151219,65652,216871
"420","Canada","2017",95,45039,12568,57607
"421","Chile","2017",0,609038,632259,1241297
"422","Chile","2017",5,604834,627125,1231959
"423","Chile","2017",10,600379,622128,1222507
"424","Chile","2017",15,655461,678361,1333822
"425","Chile","2017",20,727919,749958,1477877
"426","Chile","2017",25,715633,733072,1448705
"427","Chile","2017",30,664683,675712,1340395
"428","Chile","2017",35,644937,648046,1292983
"429","Chile","2017",40,624415,618165,1242580
"430","Chile","2017",45,615831,599372,1215203
"431","Chile","2017",50,590203,562786,1152989
"432","Chile","2017",55,524856,487466,1012322
"433","Chile","2017",60,449278,403331,852609
"434","Chile","2017",65,338542,293251,631793
"435","Chile","2017",70,262990,209314,472304
"436","Chile","2017",75,202010,143252,345262
"437","Chile","2017",80,149583,91914,241497
"438","Chile","2017",85,95042,49718,144760
"439","Chile","2017",90,36731,15711,52442
"440","Chile","2017",95,12191,3859,16050
"441","China","2017",0,40500636,46437638,86938274
"442","China","2017",5,38976431,45436987,84413418
"443","China","2017",10,38373649,44264668,82638317
"444","China","2017",15,41121099,46554380,87675479
"445","China","2017",20,46729764,51864604,98594368
"446","China","2017",25,62590787,66864149,129454936
"447","China","2017",30,48999501,51711405,100710906
"448","China","2017",35,47266940,49705968,96972908
"449","China","2017",40,59110474,61857540,120968014
"450","China","2017",45,61773461,63435589,125209050
"451","China","2017",50,49666375,51414420,101080795
"452","China","2017",55,39852704,40972684,80825388
"453","China","2017",60,39907887,40173473,80081360
"454","China","2017",65,26217514,25506514,51724028
"455","China","2017",70,17360441,16608422,33968863
"456","China","2017",75,12847147,11127053,23974200
"457","China","2017",80,8076861,5816694,13893555
"458","China","2017",85,3544586,2143736,5688322
"459","China","2017",90,1134237,518059,1652296
"460","China","2017",95,289368,94023,383391
"461","Colombia","2017",0,1793917,1876969,3670886
"462","Colombia","2017",5,1866777,1951394,3818171
"463","Colombia","2017",10,2038720,2128883,4167603
"464","Colombia","2017",15,2094847,2177928,4272775
"465","Colombia","2017",20,2113537,2176302,4289839
"466","Colombia","2017",25,1967102,1986138,3953240
"467","Colombia","2017",30,1868706,1824393,3693099
"468","Colombia","2017",35,1756798,1636969,3393767
"469","Colombia","2017",40,1604324,1422125,3026449
"470","Colombia","2017",45,1547014,1386636,2933650
"471","Colombia","2017",50,1418647,1271889,2690536
"472","Colombia","2017",55,1163687,999708,2163395
"473","Colombia","2017",60,961083,829605,1790688
"474","Colombia","2017",65,706743,603242,1309985
"475","Colombia","2017",70,510254,413871,924125
"476","Colombia","2017",75,372542,290066,662608
"477","Colombia","2017",80,249883,181924,431807
"478","Colombia","2017",85,130334,88592,218926
"479","Colombia","2017",90,51359,32952,84311
"480","Colombia","2017",95,15612,9195,24807
"481","Dominican Republic","2017",0,491565,512129,1003694
"482","Dominican Republic","2017",5,481358,500900,982258
"483","Dominican Republic","2017",10,479706,498389,978095
"484","Dominican Republic","2017",15,479173,495993,975166
"485","Dominican Republic","2017",20,472771,478577,951348
"486","Dominican Republic","2017",25,429249,426795,856044
"487","Dominican Republic","2017",30,376550,386513,763063
"488","Dominican Republic","2017",35,344780,343579,688359
"489","Dominican Republic","2017",40,315230,309909,625139
"490","Dominican Republic","2017",45,285110,275564,560674
"491","Dominican Republic","2017",50,251607,242602,494209
"492","Dominican Republic","2017",55,209851,203412,413263
"493","Dominican Republic","2017",60,163871,157186,321057
"494","Dominican Republic","2017",65,120182,112573,232755
"495","Dominican Republic","2017",70,87068,79772,166840
"496","Dominican Republic","2017",75,67103,59076,126179
"497","Dominican Republic","2017",80,42979,36159,79138
"498","Dominican Republic","2017",85,22514,18106,40620
"499","Dominican Republic","2017",90,9566,7267,16833
"500","Dominican Republic","2017",95,4075,2866,6941
"501","Ecuador","2017",0,787149,822862,1610011
"502","Ecuador","2017",5,760340,794295,1554635
"503","Ecuador","2017",10,756875,789499,1546374
"504","Ecuador","2017",15,755149,786168,1541317
"505","Ecuador","2017",20,713775,735549,1449324
"506","Ecuador","2017",25,669827,681957,1351784
"507","Ecuador","2017",30,610657,614839,1225496
"508","Ecuador","2017",35,553089,548047,1101136
"509","Ecuador","2017",40,503764,493352,997116
"510","Ecuador","2017",45,444974,432969,877943
"511","Ecuador","2017",50,379523,366209,745732
"512","Ecuador","2017",55,320570,305058,625628
"513","Ecuador","2017",60,265846,249292,515138
"514","Ecuador","2017",65,187100,172340,359440
"515","Ecuador","2017",70,149403,133201,282604
"516","Ecuador","2017",75,106006,90346,196352
"517","Ecuador","2017",80,69963,56207,126170
"518","Ecuador","2017",85,38423,28960,67383
"519","Ecuador","2017",90,17058,10959,28017
"520","Ecuador","2017",95,7572,2850,10422
"521","France","2017",0,1902018,1990811,3892829
"522","France","2017",5,1942109,2033212,3975321
"523","France","2017",10,1933550,2027014,3960564
"524","France","2017",15,1871403,1955823,3827226
"525","France","2017",20,1843259,1876337,3719596
"526","France","2017",25,1952920,1922794,3875714
"527","France","2017",30,2025131,1968157,3993288
"528","France","2017",35,1970503,1924685,3895188
"529","France","2017",40,2193100,2166031,4359131
"530","France","2017",45,2217994,2171366,4389360
"531","France","2017",50,2216705,2137277,4353982
"532","France","2017",55,2105541,1984322,4089863
"533","France","2017",60,2056460,1895192,3951652
"534","France","2017",65,1972036,1773268,3745304
"535","France","2017",70,1309544,1124750,2434294
"536","France","2017",75,1226284,936746,2163030
"537","France","2017",80,1126608,730627,1857235
"538","France","2017",85,820728,422741,1243469
"539","France","2017",90,434882,165144,600026
"540","France","2017",95,101661,24461,126122
"541","Germany","2017",0,1701092,1791874,3492966
"542","Germany","2017",5,1704214,1804175,3508389
"543","Germany","2017",10,1845814,1962623,3808437
"544","Germany","2017",15,2036054,2173553,4209607
"545","Germany","2017",20,2153673,2301481,4455154
"546","Germany","2017",25,2476676,2624258,5100934
"547","Germany","2017",30,2540866,2627129,5167995
"548","Germany","2017",35,2420661,2456900,4877561
"549","Germany","2017",40,2511999,2561843,5073842
"550","Germany","2017",45,3297115,3374222,6671337
"551","Germany","2017",50,3419720,3487804,6907524
"552","Germany","2017",55,3011882,3015375,6027257
"553","Germany","2017",60,2624594,2507680,5132274
"554","Germany","2017",65,2184827,2052125,4236952
"555","Germany","2017",70,2254142,1982898,4237040
"556","Germany","2017",75,2364588,1851048,4215636
"557","Germany","2017",80,1499569,998346,2497915
"558","Germany","2017",85,978995,493850,1472845
"559","Germany","2017",90,448788,138122,586910
"560","Germany","2017",95,87566,19270,106836
"561","Greece","2017",0,229982,245467,475449
"562","Greece","2017",5,263917,280475,544392
"563","Greece","2017",10,260123,272076,532199
"564","Greece","2017",15,265487,276844,542331
"565","Greece","2017",20,259009,284985,543994
"566","Greece","2017",25,294441,317693,612134
"567","Greece","2017",30,366972,383305,750277
"568","Greece","2017",35,388044,402148,790192
"569","Greece","2017",40,400800,403550,804350
"570","Greece","2017",45,408021,401737,809758
"571","Greece","2017",50,372503,354327,726830
"572","Greece","2017",55,363774,336169,699943
"573","Greece","2017",60,320654,287770,608424
"574","Greece","2017",65,309456,277335,586791
"575","Greece","2017",70,241265,211124,452389
"576","Greece","2017",75,273198,211771,484969
"577","Greece","2017",80,228710,163950,392660
"578","Greece","2017",85,124715,88578,213293
"579","Greece","2017",90,44854,27566,72420
"580","Greece","2017",95,10956,5986,16942
"581","India","2017",0,56617737,62365571,118983308
"582","India","2017",5,60178746,66646489,126825235
"583","India","2017",10,59760885,67053639,126814524
"584","India","2017",15,58205670,65438169,123643839
"585","India","2017",20,55949146,62756892,118706038
"586","India","2017",25,53820136,59663745,113483881
"587","India","2017",30,49976467,54918049,104894516
"588","India","2017",35,44166159,47649721,91815880
"589","India","2017",40,39371659,41950233,81321892
"590","India","2017",45,34660631,36685165,71345796
"591","India","2017",50,30468818,32088187,62557005
"592","India","2017",55,25936429,27051249,52987678
"593","India","2017",60,21335021,21877501,43212522
"594","India","2017",65,14868579,14308182,29176761
"595","India","2017",70,10545786,9711446,20257232
"596","India","2017",75,7144301,6157964,13302265
"597","India","2017",80,3829288,3217906,7047194
"598","India","2017",85,1536455,1281437,2817892
"599","India","2017",90,433310,326729,760039
"600","India","2017",95,123837,75058,198895
"601","Ireland","2017",0,173212,182090,355302
"602","Ireland","2017",5,174007,181128,355135
"603","Ireland","2017",10,150204,156969,307173
"604","Ireland","2017",15,135684,142537,278221
"605","Ireland","2017",20,125646,131509,257155
"606","Ireland","2017",25,145499,142682,288181
"607","Ireland","2017",30,190897,178389,369286
"608","Ireland","2017",35,198587,187303,385890
"609","Ireland","2017",40,183936,179535,363471
"610","Ireland","2017",45,156773,155169,311942
"611","Ireland","2017",50,146788,144504,291292
"612","Ireland","2017",55,129179,125951,255130
"613","Ireland","2017",60,120954,118197,239151
"614","Ireland","2017",65,105866,102801,208667
"615","Ireland","2017",70,76492,72616,149108
"616","Ireland","2017",75,58007,50886,108893
"617","Ireland","2017",80,38392,30424,68816
"618","Ireland","2017",85,23942,13748,37690
"619","Ireland","2017",90,12380,5144,17524
"620","Ireland","2017",95,3431,962,4393
"621","Italy","2017",0,1279715,1358939,2638654
"622","Italy","2017",5,1378703,1462137,2840840
"623","Italy","2017",10,1366573,1462497,2829070
"624","Italy","2017",15,1357674,1474708,2832382
"625","Italy","2017",20,1464561,1559581,3024142
"626","Italy","2017",25,1604093,1647132,3251225
"627","Italy","2017",30,1769192,1785670,3554862
"628","Italy","2017",35,2074203,2070978,4145181
"629","Italy","2017",40,2424672,2397915,4822587
"630","Italy","2017",45,2494648,2435804,4930452
"631","Italy","2017",50,2403901,2309535,4713436
"632","Italy","2017",55,2081575,1956874,4038449
"633","Italy","2017",60,1899228,1761820,3661048
"634","Italy","2017",65,1881494,1713441,3594935
"635","Italy","2017",70,1567900,1347549,2915449
"636","Italy","2017",75,1564681,1230854,2795535
"637","Italy","2017",80,1229611,813306,2042917
"638","Italy","2017",85,845520,427313,1272833
"639","Italy","2017",90,404355,152119,556474
"640","Italy","2017",95,92067,25951,118018
"641","Mexico","2017",0,5489183,5744905,11234088
"642","Mexico","2017",5,5458161,5706489,11164650
"643","Mexico","2017",10,5542160,5735814,11277974
"644","Mexico","2017",15,5472381,5574391,11046772
"645","Mexico","2017",20,5451550,5471577,10923127
"646","Mexico","2017",25,5077419,4832295,9909714
"647","Mexico","2017",30,4781444,4423295,9204739
"648","Mexico","2017",35,4544096,4112974,8657070
"649","Mexico","2017",40,4289117,3881263,8170380
"650","Mexico","2017",45,3762754,3352058,7114812
"651","Mexico","2017",50,3186310,2884240,6070550
"652","Mexico","2017",55,2621363,2335033,4956396
"653","Mexico","2017",60,2086638,1846720,3933358
"654","Mexico","2017",65,1504487,1320753,2825240
"655","Mexico","2017",70,1132626,978725,2111351
"656","Mexico","2017",75,793941,642690,1436631
"657","Mexico","2017",80,552609,407276,959885
"658","Mexico","2017",85,326455,221878,548333
"659","Mexico","2017",90,143251,93197,236448
"660","Mexico","2017",95,48135,28598,76733
"661","New Zealand","2017",0,150256,158425,308681
"662","New Zealand","2017",5,152998,162634,315632
"663","New Zealand","2017",10,144992,152255,297247
"664","New Zealand","2017",15,154065,164867,318932
"665","New Zealand","2017",20,163182,176180,339362
"666","New Zealand","2017",25,157624,158290,315914
"667","New Zealand","2017",30,149107,138430,287537
"668","New Zealand","2017",35,142503,131036,273539
"669","New Zealand","2017",40,163994,148251,312245
"670","New Zealand","2017",45,163624,149688,313312
"671","New Zealand","2017",50,165020,155082,320102
"672","New Zealand","2017",55,148271,139193,287464
"673","New Zealand","2017",60,127768,120894,248662
"674","New Zealand","2017",65,116121,111265,227386
"675","New Zealand","2017",70,85368,79864,165232
"676","New Zealand","2017",75,63252,55129,118381
"677","New Zealand","2017",80,45143,36241,81384
"678","New Zealand","2017",85,33280,22483,55763
"679","New Zealand","2017",90,14852,7316,22168
"680","New Zealand","2017",95,4146,1438,5584
"681","Pakistan","2017",0,12462875,13431093,25893968
"682","Pakistan","2017",5,11365782,12233848,23599630
"683","Pakistan","2017",10,10624889,11548911,22173800
"684","Pakistan","2017",15,10182669,10913004,21095673
"685","Pakistan","2017",20,9489038,10011928,19500966
"686","Pakistan","2017",25,8341283,8760584,17101867
"687","Pakistan","2017",30,6957866,7277423,14235289
"688","Pakistan","2017",35,5789559,6045759,11835318
"689","Pakistan","2017",40,4828526,5033543,9862069
"690","Pakistan","2017",45,4174614,4326649,8501263
"691","Pakistan","2017",50,3558877,3671744,7230621
"692","Pakistan","2017",55,2809811,2892687,5702498
"693","Pakistan","2017",60,2028276,2070457,4098733
"694","Pakistan","2017",65,1603418,1675150,3278568
"695","Pakistan","2017",70,1225403,1287498,2512901
"696","Pakistan","2017",75,761416,816881,1578297
"697","Pakistan","2017",80,396654,427557,824211
"698","Pakistan","2017",85,147585,167588,315173
"699","Pakistan","2017",90,33449,42158,75607
"700","Pakistan","2017",95,4272,6229,10501
"701","Panama","2017",0,188508,197003,385511
"702","Panama","2017",5,179615,187635,367250
"703","Panama","2017",10,172604,179528,352132
"704","Panama","2017",15,168926,174522,343448
"705","Panama","2017",20,159556,163838,323394
"706","Panama","2017",25,154118,157257,311375
"707","Panama","2017",30,146652,149501,296153
"708","Panama","2017",35,141380,142681,284061
"709","Panama","2017",40,133704,133955,267659
"710","Panama","2017",45,119271,118495,237766
"711","Panama","2017",50,102647,100871,203518
"712","Panama","2017",55,84457,81547,166004
"713","Panama","2017",60,67034,63274,130308
"714","Panama","2017",65,52038,48151,100189
"715","Panama","2017",70,39948,35958,75906
"716","Panama","2017",75,29189,25243,54432
"717","Panama","2017",80,19509,16103,35612
"718","Panama","2017",85,11375,8981,20356
"719","Panama","2017",90,5403,4095,9498
"720","Panama","2017",95,2224,1694,3918
"721","Philippines","2017",0,5587878,5889335,11477213
"722","Philippines","2017",5,5345802,5599496,10945298
"723","Philippines","2017",10,5094075,5447555,10541630
"724","Philippines","2017",15,4976421,5265109,10241530
"725","Philippines","2017",20,4735866,4886344,9622210
"726","Philippines","2017",25,4135139,4236895,8372034
"727","Philippines","2017",30,3659932,3713675,7373607
"728","Philippines","2017",35,3305655,3375782,6681437
"729","Philippines","2017",40,2933052,2979088,5912140
"730","Philippines","2017",45,2648848,2663938,5312786
"731","Philippines","2017",50,2260136,2232968,4493104
"732","Philippines","2017",55,1876072,1796544,3672616
"733","Philippines","2017",60,1446252,1321957,2768209
"734","Philippines","2017",65,1052089,882323,1934412
"735","Philippines","2017",70,707425,530460,1237885
"736","Philippines","2017",75,509119,337315,846434
"737","Philippines","2017",80,272306,163261,435567
"738","Philippines","2017",85,129471,52846,182317
"739","Philippines","2017",90,40247,11913,52160
"740","Philippines","2017",95,8661,1956,10617
"741","Romania","2017",0,477772,505069,982841
"742","Romania","2017",5,530347,560210,1090557
"743","Romania","2017",10,496419,523794,1020213
"744","Romania","2017",15,517278,551254,1068532
"745","Romania","2017",20,550454,599143,1149597
"746","Romania","2017",25,698272,762112,1460384
"747","Romania","2017",30,599160,638760,1237920
"748","Romania","2017",35,767872,797142,1565014
"749","Romania","2017",40,755359,788118,1543477
"750","Romania","2017",45,781165,794804,1575969
"751","Romania","2017",50,554335,542382,1096717
"752","Romania","2017",55,723348,661276,1384624
"753","Romania","2017",60,740116,628827,1368943
"754","Romania","2017",65,592213,463291,1055504
"755","Romania","2017",70,433700,305846,739546
"756","Romania","2017",75,476637,282508,759145
"757","Romania","2017",80,315668,181384,497052
"758","Romania","2017",85,160208,86063,246271
"759","Romania","2017",90,48649,24372,73021
"760","Romania","2017",95,6348,3507,9855
"761","South Africa","2017",0,2879550,2952717,5832267
"762","South Africa","2017",5,2720924,2781000,5501924
"763","South Africa","2017",10,2425065,2464036,4889101
"764","South Africa","2017",15,2408505,2447045,4855550
"765","South Africa","2017",20,2555762,2602457,5158219
"766","South Africa","2017",25,2664684,2719818,5384502
"767","South Africa","2017",30,2408916,2456389,4865305
"768","South Africa","2017",35,1962629,1969114,3931743
"769","South Africa","2017",40,1708628,1669539,3378167
"770","South Africa","2017",45,1460528,1392604,2853132
"771","South Africa","2017",50,1247382,1144125,2391507
"772","South Africa","2017",55,1061125,920544,1981669
"773","South Africa","2017",60,868507,709157,1577664
"774","South Africa","2017",65,629227,477350,1106577
"775","South Africa","2017",70,478957,328302,807259
"776","South Africa","2017",75,321400,188630,510030
"777","South Africa","2017",80,174400,86636,261036
"778","South Africa","2017",85,61739,24150,85889
"779","South Africa","2017",90,10606,3190,13796
"780","South Africa","2017",95,831,201,1032
"781","South Korea","2017",0,1097982,1158278,2256260
"782","South Korea","2017",5,1101854,1174522,2276376
"783","South Korea","2017",10,1185560,1286097,2471657
"784","South Korea","2017",15,1530602,1678307,3208909
"785","South Korea","2017",20,1627696,1867880,3495576
"786","South Korea","2017",25,1549122,1733217,3282339
"787","South Korea","2017",30,1825316,1978787,3804103
"788","South Korea","2017",35,1913846,2025631,3939477
"789","South Korea","2017",40,2115917,2207118,4323035
"790","South Korea","2017",45,2159666,2203263,4362929
"791","South Korea","2017",50,2095674,2133185,4228859
"792","South Korea","2017",55,1941722,1921400,3863122
"793","South Korea","2017",60,1418526,1356392,2774918
"794","South Korea","2017",65,1107824,1015877,2123701
"795","South Korea","2017",70,968136,782192,1750328
"796","South Korea","2017",75,799098,541753,1340851
"797","South Korea","2017",80,527961,269509,797470
"798","South Korea","2017",85,266774,98504,365278
"799","South Korea","2017",90,101729,29443,131172
"800","South Korea","2017",95,22058,4669,26727
"801","Taiwan","2017",0,494049,532165,1026214
"802","Taiwan","2017",5,466326,506643,972969
"803","Taiwan","2017",10,579794,631657,1211451
"804","Taiwan","2017",15,720743,783010,1503753
"805","Taiwan","2017",20,773409,834084,1607493
"806","Taiwan","2017",25,782167,820515,1602682
"807","Taiwan","2017",30,954502,971047,1925549
"808","Taiwan","2017",35,1024644,1012652,2037296
"809","Taiwan","2017",40,888487,884727,1773214
"810","Taiwan","2017",45,919834,913374,1833208
"811","Taiwan","2017",50,960957,926754,1887711
"812","Taiwan","2017",55,879493,857820,1737313
"813","Taiwan","2017",60,775971,714571,1490542
"814","Taiwan","2017",65,497646,483395,981041
"815","Taiwan","2017",70,369221,300438,669659
"816","Taiwan","2017",75,308619,240726,549345
"817","Taiwan","2017",80,209360,191487,400847
"818","Taiwan","2017",85,123336,109971,233307
"819","Taiwan","2017",90,49632,41803,91435
"820","Taiwan","2017",95,13302,9142,22444
"821","USA","2017",0,9742839,10192623,19935462
"822","USA","2017",5,10265653,10736532,21002185
"823","USA","2017",10,10142353,10604770,20747123
"824","USA","2017",15,10476880,10933184,21410064
"825","USA","2017",20,11279533,11808561,23088094
"826","USA","2017",25,11070461,11481850,22552311
"827","USA","2017",30,10597460,10745591,21343051
"828","USA","2017",35,10106222,10090853,20197075
"829","USA","2017",40,10095142,10027705,20122847
"830","USA","2017",45,10360299,10504542,20864841
"831","USA","2017",50,11061735,11069728,22131463
"832","USA","2017",55,10961280,10601540,21562820
"833","USA","2017",60,9798103,9137031,18935134
"834","USA","2017",65,8285448,7416914,15702362
"835","USA","2017",70,6071132,5118763,11189895
"836","USA","2017",75,4447560,3670131,8117691
"837","USA","2017",80,3344864,2409348,5754212
"838","USA","2017",85,2441639,1463240,3904879
"839","USA","2017",90,1208999,569475,1778474
"840","USA","2017",95,408589,129740,538329
